"Step","seed1_date2024-12-11_12-32-04 - win_rate","seed1_date2024-12-11_12-32-04 - win_rate__MIN","seed1_date2024-12-11_12-32-04 - win_rate__MAX","seed4_date2024-12-11_12-33-14 - win_rate","seed4_date2024-12-11_12-33-14 - win_rate__MIN","seed4_date2024-12-11_12-33-14 - win_rate__MAX","seed0_date2024-12-11_12-30-17 - win_rate","seed0_date2024-12-11_12-30-17 - win_rate__MIN","seed0_date2024-12-11_12-30-17 - win_rate__MAX","seed3_date2024-12-11_12-32-43 - win_rate","seed3_date2024-12-11_12-32-43 - win_rate__MIN","seed3_date2024-12-11_12-32-43 - win_rate__MAX","seed2_date2024-12-11_12-32-25 - win_rate","seed2_date2024-12-11_12-32-25 - win_rate__MIN","seed2_date2024-12-11_12-32-25 - win_rate__MAX"
"0","0","0","0","0","0","0","0","0","0","0","0","0","0","0","0"
"10225","","","","0","0","0","","","","","","","","",""
"10228","","","","","","","","","","0","0","0","","",""
"10229","0","0","0","","","","","","","","","","","",""
"10233","","","","","","","0","0","0","","","","","",""
"10238","","","","","","","","","","","","","0","0","0"
"20227","","","","0","0","0","","","","","","","","",""
"20233","0","0","0","","","","","","","","","","","",""
"20245","","","","","","","0","0","0","","","","","",""
"20246","","","","","","","","","","","","","0","0","0"
"20248","","","","","","","","","","0","0","0","","",""
"30228","","","","","","","","","","","","","0","0","0"
"30237","","","","","","","","","","0","0","0","","",""
"30246","0","0","0","","","","","","","","","","","",""
"30250","","","","0","0","0","","","","","","","","",""
"30255","","","","","","","0","0","0","","","","","",""
"40224","","","","","","","","","","0","0","0","","",""
"40227","","","","0","0","0","","","","","","","","",""
"40242","","","","","","","0","0","0","","","","","",""
"40250","0","0","0","","","","","","","","","","","",""
"40252","","","","","","","","","","","","","0","0","0"
"50222","","","","","","","0","0","0","","","","","",""
"50228","","","","","","","","","","","","","0","0","0"
"50242","","","","0","0","0","","","","","","","","",""
"50526","0","0","0","","","","","","","","","","","",""
"50577","","","","","","","","","","0","0","0","","",""
"60222","","","","","","","","","","0","0","0","","",""
"60240","","","","0","0","0","","","","","","","","",""
"60242","","","","","","","","","","","","","0","0","0"
"60253","","","","","","","0","0","0","","","","","",""
"60260","0","0","0","","","","","","","","","","","",""
"70230","","","","","","","","","","0","0","0","0","0","0"
"70247","0","0","0","","","","","","","","","","","",""
"70253","","","","","","","0","0","0","","","","","",""
"70348","","","","0","0","0","","","","","","","","",""
"80226","","","","0","0","0","","","","","","","","",""
"80229","0","0","0","","","","","","","","","","","",""
"80240","","","","","","","0","0","0","","","","","",""
"80246","","","","","","","","","","0","0","0","","",""
"80279","","","","","","","","","","","","","0","0","0"
"90233","","","","0","0","0","","","","","","","","",""
"90239","0","0","0","","","","","","","","","","","",""
"90240","","","","","","","","","","","","","0","0","0"
"90248","","","","","","","0","0","0","","","","","",""
"90307","","","","","","","","","","0","0","0","","",""
"100229","","","","0","0","0","","","","","","","","",""
"100244","0","0","0","","","","","","","0","0","0","","",""
"100301","","","","","","","","","","","","","0","0","0"
"100443","","","","","","","0","0","0","","","","","",""
"110223","","","","","","","","","","","","","0","0","0"
"110225","","","","0","0","0","","","","","","","","",""
"110229","","","","","","","","","","0","0","0","","",""
"110249","","","","","","","0","0","0","","","","","",""
"110252","0","0","0","","","","","","","","","","","",""
"120225","","","","","","","","","","0","0","0","","",""
"120226","0","0","0","","","","","","","","","","","",""
"120237","","","","","","","","","","","","","0","0","0"
"120238","","","","","","","0","0","0","","","","","",""
"120239","","","","0","0","0","","","","","","","","",""
"130223","","","","","","","","","","0","0","0","","",""
"130239","","","","","","","0","0","0","","","","","",""
"130248","","","","0","0","0","","","","","","","","",""
"130566","0","0","0","","","","","","","","","","","",""
"130590","","","","","","","","","","","","","0","0","0"
"140221","","","","","","","","","","","","","0","0","0"
"140223","","","","","","","0","0","0","","","","","",""
"140253","","","","0","0","0","","","","","","","","",""
"140460","","","","","","","","","","0","0","0","","",""
"140511","0","0","0","","","","","","","","","","","",""
"150221","","","","","","","","","","0","0","0","","",""
"150227","0","0","0","","","","","","","","","","","",""
"150233","","","","","","","0","0","0","","","","","",""
"150253","","","","0","0","0","","","","","","","","",""
"150304","","","","","","","","","","","","","0","0","0"
"160222","","","","","","","0","0","0","","","","","",""
"160231","0","0","0","","","","","","","","","","0","0","0"
"160237","","","","0","0","0","","","","","","","","",""
"160260","","","","","","","","","","0","0","0","","",""
"170225","","","","","","","","","","0","0","0","","",""
"170233","0","0","0","","","","","","","","","","","",""
"170235","","","","","","","","","","","","","0","0","0"
"170251","","","","","","","0","0","0","","","","","",""
"170504","","","","0","0","0","","","","","","","","",""
"180220","","","","0","0","0","","","","","","","","",""
"180223","0","0","0","","","","","","","","","","","",""
"180226","","","","","","","","","","0","0","0","","",""
"180309","","","","","","","","","","","","","0","0","0"
"180593","","","","","","","0","0","0","","","","","",""
"190222","","","","","","","","","","0","0","0","","",""
"190228","0","0","0","","","","","","","","","","","",""
"190235","","","","","","","","","","","","","0","0","0"
"190253","","","","0","0","0","","","","","","","","",""
"190582","","","","","","","0","0","0","","","","","",""
"200221","","","","","","","0","0","0","","","","","",""
"200227","0","0","0","","","","","","","","","","","",""
"200300","","","","0","0","0","","","","","","","","",""
"200496","","","","","","","","","","0","0","0","","",""
"200549","","","","","","","","","","","","","0","0","0"
"210228","","","","","","","","","","0","0","0","","",""
"210231","0","0","0","","","","","","","","","","","",""
"210336","","","","0","0","0","","","","","","","","",""
"210367","","","","","","","","","","","","","0","0","0"
"210594","","","","","","","0","0","0","","","","","",""
"220229","0","0","0","","","","","","","","","","","",""
"220276","","","","","","","0","0","0","","","","","",""
"220306","","","","0","0","0","","","","","","","","",""
"220437","","","","","","","","","","0","0","0","","",""
"220460","","","","","","","","","","","","","0","0","0"
"230225","0","0","0","","","","","","","","","","","",""
"230250","","","","","","","","","","0","0","0","","",""
"230300","","","","","","","","","","","","","0","0","0"
"230429","","","","0","0","0","","","","","","","","",""
"230610","","","","","","","0","0","0","","","","","",""
"240222","","","","","","","","","","","","","0","0","0"
"240231","","","","","","","","","","0","0","0","","",""
"240236","0","0","0","","","","","","","","","","","",""
"240247","","","","0","0","0","","","","","","","","",""
"240275","","","","","","","0","0","0","","","","","",""
"250222","0","0","0","","","","","","","","","","","",""
"250240","","","","","","","","","","","","","0","0","0"
"250312","","","","","","","","","","0","0","0","","",""
"250329","","","","","","","0","0","0","","","","","",""
"250454","","","","0","0","0","","","","","","","","",""
"260224","","","","","","","","","","0","0","0","","",""
"260228","0","0","0","","","","","","","","","","","",""
"260261","","","","","","","","","","","","","0","0","0"
"260539","","","","0","0","0","","","","","","","","",""
"260569","","","","","","","0","0","0","","","","","",""
"270221","","","","0","0","0","","","","","","","","",""
"270231","0","0","0","","","","","","","","","","","",""
"270233","","","","","","","","","","","","","0","0","0"
"270290","","","","","","","","","","0","0","0","","",""
"270562","","","","","","","0","0","0","","","","","",""
"280231","","","","","","","","","","","","","0","0","0"
"280254","0","0","0","","","","","","","","","","","",""
"280263","","","","","","","0","0","0","","","","","",""
"280272","","","","","","","","","","0","0","0","","",""
"280501","","","","0","0","0","","","","","","","","",""
"290224","","","","","","","","","","0","0","0","","",""
"290230","","","","","","","0","0","0","","","","","",""
"290233","","","","0","0","0","","","","","","","","",""
"290248","0","0","0","","","","","","","","","","","",""
"290251","","","","","","","","","","","","","0","0","0"
"300222","","","","","","","0","0","0","","","","","",""
"300230","","","","0","0","0","","","","","","","","",""
"300252","0","0","0","","","","","","","","","","","",""
"300253","","","","","","","","","","","","","0","0","0"
"300255","","","","","","","","","","0","0","0","","",""
"310224","0","0","0","","","","","","","","","","","",""
"310225","","","","","","","0","0","0","","","","","",""
"310249","","","","","","","","","","","","","0","0","0"
"310264","","","","0","0","0","","","","","","","","",""
"310294","","","","","","","","","","0","0","0","","",""
"320221","0","0","0","","","","","","","","","","","",""
"320246","","","","","","","0","0","0","","","","","",""
"320255","","","","","","","","","","0","0","0","","",""
"320264","","","","0","0","0","","","","","","","","",""
"320377","","","","","","","","","","","","","0","0","0"
"330247","0","0","0","","","","","","","","","","","",""
"330267","","","","","","","","","","0","0","0","","",""
"330268","","","","","","","","","","","","","0","0","0"
"330374","","","","","","","0","0","0","","","","","",""
"330448","","","","0","0","0","","","","","","","","",""
"340221","","","","0","0","0","","","","","","","","",""
"340253","0","0","0","","","","","","","","","","","",""
"340256","","","","","","","","","","0","0","0","","",""
"340257","","","","","","","0","0","0","","","","","",""
"340325","","","","","","","","","","","","","0","0","0"
"350228","","","","0","0","0","","","","","","","","",""
"350246","0","0","0","","","","0","0","0","","","","","",""
"350309","","","","","","","","","","0","0","0","","",""
"350415","","","","","","","","","","","","","0","0","0"
"360220","","","","","","","0","0","0","","","","","",""
"360221","","","","0","0","0","","","","","","","","",""
"360233","0","0","0","","","","","","","","","","","",""
"360267","","","","","","","","","","0","0","0","","",""
"360389","","","","","","","","","","","","","0","0","0"
"370225","","","","0","0","0","","","","","","","","",""
"370239","0","0","0","","","","","","","","","","","",""
"370256","","","","","","","","","","0","0","0","","",""
"370288","","","","","","","0","0","0","","","","","",""
"370307","","","","","","","","","","","","","0","0","0"
"380223","","","","0","0","0","","","","","","","","",""
"380249","0","0","0","","","","","","","","","","","",""
"380306","","","","","","","","","","0","0","0","","",""
"380311","","","","","","","0","0","0","","","","","",""
"380401","","","","","","","","","","","","","0","0","0"
"390226","0","0","0","","","","","","","","","","","",""
"390243","","","","","","","","","","","","","0","0","0"
"390252","","","","","","","","","","0","0","0","","",""
"390258","","","","0","0","0","","","","","","","","",""
"390542","","","","","","","0","0","0","","","","","",""
"400222","","","","","","","","","","","","","0","0","0"
"400225","0","0","0","","","","","","","","","","","",""
"400226","","","","","","","","","","0","0","0","","",""
"400232","","","","0","0","0","","","","","","","","",""
"400430","","","","","","","0","0","0","","","","","",""
"410223","0","0","0","","","","","","","","","","","",""
"410228","","","","0","0","0","","","","","","","","",""
"410258","","","","","","","","","","0","0","0","0","0","0"
"410279","","","","","","","0","0","0","","","","","",""
"420222","","","","0","0","0","","","","","","","","",""
"420230","","","","","","","","","","","","","0","0","0"
"420246","0","0","0","","","","","","","","","","","",""
"420380","","","","","","","0","0","0","","","","","",""
"420486","","","","","","","","","","0","0","0","","",""
"430234","","","","","","","","","","0","0","0","","",""
"430236","","","","0","0","0","","","","","","","","",""
"430238","","","","","","","","","","","","","0","0","0"
"430247","0","0","0","","","","","","","","","","","",""
"430447","","","","","","","0","0","0","","","","","",""
"440246","","","","","","","","","","","","","0","0","0"
"440251","0","0","0","","","","","","","","","","","",""
"440267","","","","","","","","","","0","0","0","","",""
"440333","","","","","","","0","0","0","","","","","",""
"440449","","","","0","0","0","","","","","","","","",""
"450234","","","","","","","0","0","0","","","","","",""
"450249","","","","","","","","","","0","0","0","","",""
"450251","0","0","0","","","","","","","","","","","",""
"450252","","","","0","0","0","","","","","","","","",""
"450455","","","","","","","","","","","","","0","0","0"
"460232","","","","","","","","","","0","0","0","","",""
"460241","","","","0","0","0","","","","","","","","",""
"460261","0","0","0","","","","","","","","","","","",""
"460288","","","","","","","0","0","0","","","","","",""
"460436","","","","","","","","","","","","","0","0","0"
"470222","","","","","","","","","","0","0","0","","",""
"470239","0","0","0","","","","0","0","0","","","","","",""
"470251","","","","0","0","0","","","","","","","","",""
"470293","","","","","","","","","","","","","0","0","0"
"480230","0","0","0","","","","","","","","","","","",""
"480250","","","","0","0","0","","","","","","","","",""
"480251","","","","","","","","","","","","","0","0","0"
"480433","","","","","","","","","","0","0","0","","",""
"480472","","","","","","","0","0","0","","","","","",""
"490222","","","","","","","","","","0","0","0","","",""
"490234","0","0","0","","","","","","","","","","","",""
"490267","","","","","","","0.03125","0.03125","0.03125","","","","","",""
"490271","","","","","","","","","","","","","0","0","0"
"490583","","","","0","0","0","","","","","","","","",""
"500225","","","","0","0","0","","","","","","","","",""
"500247","0","0","0","","","","","","","","","","","",""
"500306","","","","","","","0","0","0","","","","","",""
"500317","","","","","","","","","","","","","0","0","0"
"500384","","","","","","","","","","0","0","0","","",""
"510221","0","0","0","","","","","","","","","","","",""
"510224","","","","0","0","0","","","","","","","","",""
"510240","","","","","","","","","","","","","0","0","0"
"510259","","","","","","","","","","0","0","0","","",""
"510278","","","","","","","0","0","0","","","","","",""
"520234","0","0","0","","","","","","","","","","","",""
"520249","","","","","","","","","","0","0","0","","",""
"520270","","","","0","0","0","","","","","","","","",""
"520272","","","","","","","0","0","0","","","","","",""
"520364","","","","","","","","","","","","","0","0","0"
"530222","","","","","","","","","","","","","0","0","0"
"530224","","","","0","0","0","","","","","","","","",""
"530227","","","","","","","0.03125","0.03125","0.03125","","","","","",""
"530241","0","0","0","","","","","","","","","","","",""
"530289","","","","","","","","","","0","0","0","","",""
"540226","","","","0","0","0","","","","","","","","",""
"540231","","","","","","","","","","0","0","0","","",""
"540248","0","0","0","","","","","","","","","","","",""
"540495","","","","","","","","","","","","","0","0","0"
"540496","","","","","","","0","0","0","","","","","",""
"550249","","","","","","","","","","","","","0","0","0"
"550334","","","","0","0","0","","","","","","","","",""
"550394","","","","","","","0","0","0","","","","","",""
"550449","","","","","","","","","","0","0","0","","",""
"550525","0","0","0","","","","","","","","","","","",""
"560224","0","0","0","","","","","","","","","","","",""
"560250","","","","0","0","0","","","","","","","","",""
"560288","","","","","","","0","0","0","","","","","",""
"560424","","","","","","","","","","","","","0","0","0"
"560566","","","","","","","","","","0","0","0","","",""
"570229","0","0","0","","","","","","","","","","","",""
"570259","","","","","","","0","0","0","","","","","",""
"570269","","","","","","","","","","0","0","0","","",""
"570294","","","","","","","","","","","","","0","0","0"
"570462","","","","0","0","0","","","","","","","","",""
"580237","","","","0","0","0","","","","","","","","",""
"580248","0","0","0","","","","","","","","","","","",""
"580299","","","","","","","0","0","0","","","","","",""
"580350","","","","","","","","","","","","","0","0","0"
"580520","","","","","","","","","","0.03125","0.03125","0.03125","","",""
"590225","0","0","0","","","","","","","","","","","",""
"590245","","","","","","","","","","0","0","0","","",""
"590377","","","","","","","","","","","","","0","0","0"
"590451","","","","0","0","0","","","","","","","","",""
"590559","","","","","","","0","0","0","","","","","",""
"600222","0","0","0","","","","","","","","","","","",""
"600236","","","","0","0","0","","","","","","","","",""
"600255","","","","","","","","","","0","0","0","","",""
"600286","","","","","","","0","0","0","","","","","",""
"600344","","","","","","","","","","","","","0","0","0"
"610226","0","0","0","","","","","","","","","","","",""
"610230","","","","0","0","0","","","","","","","","",""
"610336","","","","","","","","","","0","0","0","","",""
"610458","","","","","","","0","0","0","","","","","",""
"610518","","","","","","","","","","","","","0","0","0"
"620222","","","","0","0","0","","","","","","","","",""
"620232","0","0","0","","","","","","","","","","","",""
"620392","","","","","","","0","0","0","","","","","",""
"620488","","","","","","","","","","","","","0","0","0"
"620614","","","","","","","","","","0.03125","0.03125","0.03125","","",""
"630256","0","0","0","","","","","","","","","","","",""
"630361","","","","0","0","0","","","","","","","","",""
"630386","","","","","","","","","","0.0625","0.0625","0.0625","","",""
"630420","","","","","","","0","0","0","","","","","",""
"630467","","","","","","","","","","","","","0","0","0"
"640229","","","","","","","0","0","0","","","","","",""
"640248","0","0","0","","","","","","","0","0","0","","",""
"640292","","","","0","0","0","","","","","","","","",""
"640549","","","","","","","","","","","","","0","0","0"
"650250","","","","","","","","","","","","","0","0","0"
"650255","0","0","0","","","","","","","","","","","",""
"650291","","","","0","0","0","","","","","","","","",""
"650337","","","","","","","0","0","0","","","","","",""
"650407","","","","","","","","","","0.125","0.125","0.125","","",""
"660250","0","0","0","","","","","","","","","","","",""
"660272","","","","","","","","","","","","","0","0","0"
"660320","","","","","","","","","","0.03125","0.03125","0.03125","","",""
"660376","","","","0","0","0","","","","","","","","",""
"660439","","","","","","","0","0","0","","","","","",""
"670222","","","","","","","","","","","","","0","0","0"
"670231","0","0","0","","","","","","","","","","","",""
"670247","","","","0","0","0","","","","","","","","",""
"670281","","","","","","","0","0","0","","","","","",""
"670340","","","","","","","","","","0.03125","0.03125","0.03125","","",""
"680241","0","0","0","","","","","","","","","","","",""
"680266","","","","0","0","0","","","","","","","","",""
"680405","","","","","","","0","0","0","","","","","",""
"680425","","","","","","","","","","","","","0","0","0"
"680475","","","","","","","","","","0","0","0","","",""
"690234","","","","","","","","","","0","0","0","","",""
"690237","0","0","0","","","","","","","","","","","",""
"690265","","","","0","0","0","","","","","","","","",""
"690279","","","","","","","","","","","","","0","0","0"
"690465","","","","","","","0","0","0","","","","","",""
"700227","0","0","0","","","","","","","","","","","",""
"700235","","","","","","","","","","","","","0","0","0"
"700242","","","","","","","0","0","0","","","","","",""
"700275","","","","","","","","","","0","0","0","","",""
"700320","","","","0","0","0","","","","","","","","",""
"710224","","","","0","0","0","","","","","","","","",""
"710254","0","0","0","","","","","","","","","","","",""
"710313","","","","","","","","","","0.03125","0.03125","0.03125","","",""
"710473","","","","","","","0.03125","0.03125","0.03125","","","","","",""
"710497","","","","","","","","","","","","","0","0","0"
"720240","0","0","0","","","","","","","","","","","",""
"720257","","","","","","","","","","","","","0","0","0"
"720278","","","","0","0","0","","","","","","","","",""
"720340","","","","","","","","","","0","0","0","","",""
"720476","","","","","","","0.0625","0.0625","0.0625","","","","","",""
"730227","","","","","","","0.125","0.125","0.125","","","","","",""
"730246","0","0","0","","","","","","","","","","","",""
"730258","","","","0","0","0","","","","","","","","",""
"730306","","","","","","","","","","0","0","0","","",""
"730606","","","","","","","","","","","","","0","0","0"
"740231","0","0","0","","","","","","","","","","","",""
"740253","","","","0","0","0","","","","","","","","",""
"740260","","","","","","","0","0","0","","","","","",""
"740278","","","","","","","","","","0","0","0","","",""
"740436","","","","","","","","","","","","","0","0","0"
"750220","","","","","","","0","0","0","","","","","",""
"750255","0","0","0","","","","","","","","","","","",""
"750298","","","","","","","","","","0","0","0","","",""
"750306","","","","0","0","0","","","","","","","","",""
"750479","","","","","","","","","","","","","0","0","0"
"760229","0","0","0","","","","","","","","","","","",""
"760251","","","","0","0","0","","","","","","","","",""
"760252","","","","","","","","","","","","","0","0","0"
"760274","","","","","","","","","","0.09375","0.09375","0.09375","","",""
"760502","","","","","","","0","0","0","","","","","",""
"770223","0","0","0","","","","","","","","","","","",""
"770241","","","","","","","0","0","0","","","","","",""
"770261","","","","0","0","0","","","","","","","","",""
"770336","","","","","","","","","","0.09375","0.09375","0.09375","","",""
"770489","","","","","","","","","","","","","0","0","0"
"780236","0","0","0","","","","","","","","","","","",""
"780247","","","","0","0","0","","","","","","","","",""
"780248","","","","","","","","","","","","","0","0","0"
"780258","","","","","","","","","","0.03125","0.03125","0.03125","","",""
"780297","","","","","","","0","0","0","","","","","",""
"790229","","","","0.03125","0.03125","0.03125","","","","","","","","",""
"790239","0","0","0","","","","","","","","","","","",""
"790440","","","","","","","0.0625","0.0625","0.0625","","","","","",""
"790445","","","","","","","","","","","","","0","0","0"
"790574","","","","","","","","","","0.09375","0.09375","0.09375","","",""
"800231","","","","","","","","","","0.03125","0.03125","0.03125","","",""
"800251","0","0","0","","","","","","","","","","","",""
"800259","","","","0","0","0","","","","","","","","",""
"800301","","","","","","","","","","","","","0","0","0"
"800431","","","","","","","0","0","0","","","","","",""
"810228","","","","","","","","","","","","","0","0","0"
"810244","","","","0","0","0","","","","","","","","",""
"810248","0","0","0","","","","","","","","","","","",""
"810383","","","","","","","0","0","0","0","0","0","","",""
"820227","","","","","","","","","","","","","0","0","0"
"820228","","","","","","","0","0","0","","","","","",""
"820243","0","0","0","","","","","","","","","","","",""
"820248","","","","0","0","0","","","","","","","","",""
"820257","","","","","","","","","","0","0","0","","",""
"830240","0","0","0","","","","","","","","","","","",""
"830247","","","","0","0","0","","","","","","","","",""
"830508","","","","","","","","","","0","0","0","","",""
"830605","","","","","","","","","","","","","0","0","0"
"830610","","","","","","","0","0","0","","","","","",""
"840221","","","","","","","0.03125","0.03125","0.03125","","","","","",""
"840231","0","0","0","","","","","","","","","","","",""
"840232","","","","0.0625","0.0625","0.0625","","","","","","","","",""
"840263","","","","","","","","","","","","","0.03125","0.03125","0.03125"
"840350","","","","","","","","","","0.03125","0.03125","0.03125","","",""
"850230","","","","0.03125","0.03125","0.03125","","","","","","","","",""
"850231","","","","","","","0","0","0","","","","","",""
"850246","0","0","0","","","","","","","","","","","",""
"850321","","","","","","","","","","0","0","0","","",""
"850387","","","","","","","","","","","","","0.03125","0.03125","0.03125"
"860226","0","0","0","","","","","","","","","","","",""
"860255","","","","0","0","0","","","","0","0","0","","",""
"860280","","","","","","","","","","","","","0","0","0"
"860490","","","","","","","0","0","0","","","","","",""
"870223","0","0","0","","","","","","","","","","","",""
"870246","","","","","","","","","","0","0","0","","",""
"870468","","","","0","0","0","","","","","","","","",""
"870554","","","","","","","","","","","","","0","0","0"
"870562","","","","","","","0","0","0","","","","","",""
"880240","","","","0","0","0","","","","","","","","",""
"880243","0","0","0","","","","","","","","","","","",""
"880328","","","","","","","","","","0.03125","0.03125","0.03125","","",""
"880479","","","","","","","","","","","","","0","0","0"
"880488","","","","","","","0","0","0","","","","","",""
"890241","","","","","","","","","","0.09375","0.09375","0.09375","","",""
"890247","0","0","0","","","","","","","","","","","",""
"890328","","","","","","","0.03125","0.03125","0.03125","","","","","",""
"890337","","","","","","","","","","","","","0.03125","0.03125","0.03125"
"890369","","","","0.03125","0.03125","0.03125","","","","","","","","",""
"900240","","","","","","","0","0","0","","","","","",""
"900244","0","0","0","","","","","","","","","","","",""
"900250","","","","0","0","0","","","","","","","","",""
"900475","","","","","","","","","","","","","0","0","0"
"900601","","","","","","","","","","0.09375","0.09375","0.09375","","",""
"910240","0","0","0","","","","","","","","","","","",""
"910276","","","","0.1875","0.1875","0.1875","","","","","","","","",""
"910323","","","","","","","","","","","","","0.03125","0.03125","0.03125"
"910528","","","","","","","","","","0.03125","0.03125","0.03125","","",""
"910596","","","","","","","0","0","0","","","","","",""
"920238","0","0","0","","","","","","","","","","","",""
"920275","","","","0","0","0","","","","","","","","",""
"920315","","","","","","","","","","0.15625","0.15625","0.15625","","",""
"920442","","","","","","","0.03125","0.03125","0.03125","","","","","",""
"920590","","","","","","","","","","","","","0.03125","0.03125","0.03125"
"930230","0","0","0","","","","","","","","","","","",""
"930248","","","","0","0","0","","","","","","","","",""
"930344","","","","","","","","","","0.125","0.125","0.125","","",""
"930380","","","","","","","","","","","","","0","0","0"
"930539","","","","","","","0.03125","0.03125","0.03125","","","","","",""
"940234","0","0","0","","","","","","","","","","","",""
"940273","","","","0","0","0","","","","0.09375","0.09375","0.09375","","",""
"940288","","","","","","","0","0","0","","","","","",""
"940340","","","","","","","","","","","","","0","0","0"
"950226","","","","0.03125","0.03125","0.03125","","","","","","","","",""
"950247","0","0","0","","","","","","","","","","","",""
"950258","","","","","","","","","","","","","0","0","0"
"950266","","","","","","","0","0","0","","","","","",""
"950314","","","","","","","","","","0.25","0.25","0.25","","",""
"960244","0","0","0","","","","","","","","","","","",""
"960281","","","","0.03125","0.03125","0.03125","","","","","","","","",""
"960337","","","","","","","0","0","0","","","","","",""
"960371","","","","","","","","","","0.15625","0.15625","0.15625","","",""
"960400","","","","","","","","","","","","","0.0625","0.0625","0.0625"
"970247","0","0","0","","","","","","","","","","","",""
"970250","","","","","","","","","","0.28125","0.28125","0.28125","","",""
"970259","","","","0.15625","0.15625","0.15625","","","","","","","","",""
"970313","","","","","","","","","","","","","0","0","0"
"970478","","","","","","","0","0","0","","","","","",""
"980240","0","0","0","","","","","","","","","","","",""
"980304","","","","0.0625","0.0625","0.0625","","","","","","","","",""
"980339","","","","","","","","","","0.25","0.25","0.25","","",""
"980365","","","","","","","0","0","0","","","","","",""
"980426","","","","","","","","","","","","","0","0","0"
"990225","","","","","","","","","","","","","0","0","0"
"990239","0","0","0","0.09375","0.09375","0.09375","","","","","","","","",""
"990299","","","","","","","","","","0.3125","0.3125","0.3125","","",""
"990524","","","","","","","0.0625","0.0625","0.0625","","","","","",""
"1000224","0","0","0","","","","","","","","","","","",""
"1000262","","","","","","","","","","0.34375","0.34375","0.34375","","",""
"1000287","","","","0.125","0.125","0.125","","","","","","","","",""
"1000292","","","","","","","","","","","","","0","0","0"
"1000577","","","","","","","0.1875","0.1875","0.1875","","","","","",""
"1010223","","","","0.09375","0.09375","0.09375","","","","","","","","",""
"1010226","0","0","0","","","","","","","","","","","",""
"1010276","","","","","","","","","","0.21875","0.21875","0.21875","","",""
"1010325","","","","","","","0.03125","0.03125","0.03125","","","","","",""
"1010364","","","","","","","","","","","","","0.03125","0.03125","0.03125"
"1020221","0","0","0","","","","","","","","","","","",""
"1020270","","","","","","","","","","","","","0","0","0"
"1020286","","","","","","","","","","0.03125","0.03125","0.03125","","",""
"1020294","","","","0.21875","0.21875","0.21875","","","","","","","","",""
"1020318","","","","","","","0","0","0","","","","","",""
"1030222","","","","0.15625","0.15625","0.15625","","","","","","","","",""
"1030236","0","0","0","","","","","","","","","","","",""
"1030250","","","","","","","","","","0.125","0.125","0.125","","",""
"1030277","","","","","","","","","","","","","0.09375","0.09375","0.09375"
"1030284","","","","","","","0.09375","0.09375","0.09375","","","","","",""
"1040248","0","0","0","","","","","","","","","","","",""
"1040260","","","","","","","","","","0.40625","0.40625","0.40625","","",""
"1040268","","","","","","","0.125","0.125","0.125","","","","","",""
"1040332","","","","","","","","","","","","","0","0","0"
"1040344","","","","0.4375","0.4375","0.4375","","","","","","","","",""
"1050220","","","","","","","0.09375","0.09375","0.09375","","","","","",""
"1050230","","","","","","","","","","0.4375","0.4375","0.4375","","",""
"1050238","","","","0.5625","0.5625","0.5625","","","","","","","","",""
"1050255","0","0","0","","","","","","","","","","","",""
"1050438","","","","","","","","","","","","","0.03125","0.03125","0.03125"
"1060232","0","0","0","","","","","","","","","","","",""
"1060238","","","","","","","","","","","","","0.0625","0.0625","0.0625"
"1060335","","","","","","","0","0","0","","","","","",""
"1060355","","","","0.1875","0.1875","0.1875","","","","","","","","",""
"1060366","","","","","","","","","","0.375","0.375","0.375","","",""
"1070225","","","","0.375","0.375","0.375","","","","","","","","",""
"1070237","0","0","0","","","","","","","","","","","",""
"1070238","","","","","","","","","","","","","0.125","0.125","0.125"
"1070300","","","","","","","0.0625","0.0625","0.0625","","","","","",""
"1070598","","","","","","","","","","0.375","0.375","0.375","","",""
"1080246","0","0","0","","","","","","","0.53125","0.53125","0.53125","","",""
"1080314","","","","0.375","0.375","0.375","","","","","","","","",""
"1080361","","","","","","","","","","","","","0","0","0"
"1080614","","","","","","","0","0","0","","","","","",""
"1090233","0","0","0","","","","","","","","","","","",""
"1090267","","","","0.34375","0.34375","0.34375","","","","","","","","",""
"1090303","","","","","","","0","0","0","","","","","",""
"1090323","","","","","","","","","","0.53125","0.53125","0.53125","","",""
"1090431","","","","","","","","","","","","","0.03125","0.03125","0.03125"
"1100235","0","0","0","","","","","","","","","","","",""
"1100243","","","","","","","","","","","","","0.0625","0.0625","0.0625"
"1100269","","","","0.5625","0.5625","0.5625","","","","","","","","",""
"1100298","","","","","","","","","","0.5","0.5","0.5","","",""
"1100315","","","","","","","0","0","0","","","","","",""
"1110246","0","0","0","","","","","","","","","","","",""
"1110248","","","","","","","","","","0.375","0.375","0.375","","",""
"1110279","","","","0.34375","0.34375","0.34375","","","","","","","","",""
"1110298","","","","","","","0","0","0","","","","","",""
"1110447","","","","","","","","","","","","","0.28125","0.28125","0.28125"
"1120220","","","","0.34375","0.34375","0.34375","","","","","","","","",""
"1120250","0","0","0","","","","","","","","","","","",""
"1120299","","","","","","","0","0","0","","","","","",""
"1120407","","","","","","","","","","","","","0.0625","0.0625","0.0625"
"1120441","","","","","","","","","","0.25","0.25","0.25","","",""
"1130233","","","","","","","0.03125","0.03125","0.03125","","","","","",""
"1130235","","","","0.3125","0.3125","0.3125","","","","","","","","",""
"1130251","0","0","0","","","","","","","","","","","",""
"1130395","","","","","","","","","","0.28125","0.28125","0.28125","","",""
"1130552","","","","","","","","","","","","","0.34375","0.34375","0.34375"
"1140226","0","0","0","","","","","","","","","","","",""
"1140273","","","","","","","0.03125","0.03125","0.03125","","","","","",""
"1140279","","","","","","","","","","0.40625","0.40625","0.40625","","",""
"1140308","","","","0.5","0.5","0.5","","","","","","","","",""
"1140326","","","","","","","","","","","","","0.125","0.125","0.125"
"1150227","","","","0.40625","0.40625","0.40625","","","","","","","","",""
"1150247","0","0","0","","","","","","","","","","","",""
"1150269","","","","","","","0.03125","0.03125","0.03125","","","","","",""
"1150362","","","","","","","","","","","","","0","0","0"
"1150602","","","","","","","","","","0.46875","0.46875","0.46875","","",""
"1160234","0","0","0","","","","","","","","","","","",""
"1160281","","","","","","","0.0625","0.0625","0.0625","","","","","",""
"1160291","","","","0.09375","0.09375","0.09375","","","","","","","","",""
"1160375","","","","","","","","","","","","","0.03125","0.03125","0.03125"
"1160453","","","","","","","","","","0.34375","0.34375","0.34375","","",""
"1170231","","","","","","","0.09375","0.09375","0.09375","","","","","",""
"1170233","0","0","0","","","","","","","","","","","",""
"1170290","","","","0.375","0.375","0.375","","","","","","","","",""
"1170350","","","","","","","","","","","","","0.125","0.125","0.125"
"1170606","","","","","","","","","","0.25","0.25","0.25","","",""
"1180248","0","0","0","","","","","","","","","","","",""
"1180254","","","","0.46875","0.46875","0.46875","","","","","","","","",""
"1180314","","","","","","","0.03125","0.03125","0.03125","","","","","",""
"1180442","","","","","","","","","","","","","0","0","0"
"1180506","","","","","","","","","","0.125","0.125","0.125","","",""
"1190253","0","0","0","","","","","","","","","","","",""
"1190272","","","","","","","0.09375","0.09375","0.09375","","","","","",""
"1190286","","","","0.59375","0.59375","0.59375","","","","","","","","",""
"1190306","","","","","","","","","","","","","0.09375","0.09375","0.09375"
"1190415","","","","","","","","","","0.3125","0.3125","0.3125","","",""
"1200230","0","0","0","","","","","","","","","","","",""
"1200277","","","","","","","","","","","","","0.0625","0.0625","0.0625"
"1200316","","","","0.59375","0.59375","0.59375","","","","","","","","",""
"1200425","","","","","","","0.15625","0.15625","0.15625","","","","","",""
"1200557","","","","","","","","","","0.21875","0.21875","0.21875","","",""
"1210235","0","0","0","","","","","","","","","","","",""
"1210278","","","","0.71875","0.71875","0.71875","","","","","","","","",""
"1210462","","","","","","","","","","","","","0","0","0"
"1210483","","","","","","","","","","0.0625","0.0625","0.0625","","",""
"1210494","","","","","","","0.1875","0.1875","0.1875","","","","","",""
"1220224","0","0","0","","","","","","","","","","","",""
"1220227","","","","","","","","","","","","","0","0","0"
"1220238","","","","","","","","","","0.28125","0.28125","0.28125","","",""
"1220248","","","","0.53125","0.53125","0.53125","","","","","","","","",""
"1220270","","","","","","","0.03125","0.03125","0.03125","","","","","",""
"1230243","","","","","","","","","","0.40625","0.40625","0.40625","","",""
"1230251","0","0","0","","","","","","","","","","","",""
"1230282","","","","0.625","0.625","0.625","","","","","","","","",""
"1230439","","","","","","","0.1875","0.1875","0.1875","","","","","",""
"1230529","","","","","","","","","","","","","0","0","0"
"1240232","","","","0.59375","0.59375","0.59375","","","","","","","","",""
"1240235","0","0","0","","","","","","","","","","","",""
"1240285","","","","","","","","","","","","","0.03125","0.03125","0.03125"
"1240291","","","","","","","","","","0.65625","0.65625","0.65625","","",""
"1240596","","","","","","","0.03125","0.03125","0.03125","","","","","",""
"1250252","0","0","0","","","","","","","","","","","",""
"1250297","","","","","","","","","","0.34375","0.34375","0.34375","","",""
"1250299","","","","","","","0.15625","0.15625","0.15625","","","","","",""
"1250379","","","","0.59375","0.59375","0.59375","","","","","","","","",""
"1250443","","","","","","","","","","","","","0","0","0"
"1260221","0","0","0","","","","","","","","","","","",""
"1260258","","","","0.34375","0.34375","0.34375","","","","","","","","",""
"1260280","","","","","","","","","","0.3125","0.3125","0.3125","0","0","0"
"1260457","","","","","","","0.125","0.125","0.125","","","","","",""
"1270232","0","0","0","","","","","","","","","","","",""
"1270250","","","","0.71875","0.71875","0.71875","","","","","","","","",""
"1270258","","","","","","","","","","0.3125","0.3125","0.3125","","",""
"1270417","","","","","","","0.03125","0.03125","0.03125","","","","","",""
"1270499","","","","","","","","","","","","","0","0","0"
"1280224","0","0","0","","","","","","","","","","","",""
"1280266","","","","0.71875","0.71875","0.71875","","","","","","","","",""
"1280373","","","","","","","0.25","0.25","0.25","","","","","",""
"1280381","","","","","","","","","","0.625","0.625","0.625","","",""
"1280472","","","","","","","","","","","","","0","0","0"
"1290228","","","","","","","0.25","0.25","0.25","0.46875","0.46875","0.46875","","",""
"1290252","0","0","0","","","","","","","","","","","",""
"1290296","","","","0.65625","0.65625","0.65625","","","","","","","","",""
"1290327","","","","","","","","","","","","","0.03125","0.03125","0.03125"
"1300251","0","0","0","","","","","","","","","","","",""
"1300260","","","","0.71875","0.71875","0.71875","","","","","","","","",""
"1300266","","","","","","","0.125","0.125","0.125","","","","","",""
"1300270","","","","","","","","","","0.53125","0.53125","0.53125","","",""
"1300370","","","","","","","","","","","","","0","0","0"
"1310240","","","","","","","0","0","0","","","","","",""
"1310242","0","0","0","","","","","","","","","","","",""
"1310281","","","","0.84375","0.84375","0.84375","","","","","","","","",""
"1310287","","","","","","","","","","0.625","0.625","0.625","","",""
"1310540","","","","","","","","","","","","","0","0","0"
"1320223","0","0","0","","","","","","","","","","","",""
"1320259","","","","0.59375","0.59375","0.59375","","","","0.28125","0.28125","0.28125","","",""
"1320317","","","","","","","0.28125","0.28125","0.28125","","","","","",""
"1320424","","","","","","","","","","","","","0.0625","0.0625","0.0625"
"1330222","","","","0.6875","0.6875","0.6875","","","","","","","","",""
"1330232","","","","","","","0.40625","0.40625","0.40625","","","","","",""
"1330241","0","0","0","","","","","","","","","","","",""
"1330247","","","","","","","","","","","","","0","0","0"
"1330265","","","","","","","","","","0.53125","0.53125","0.53125","","",""
"1340232","","","","","","","0.125","0.125","0.125","","","","","",""
"1340242","","","","0.71875","0.71875","0.71875","","","","","","","","",""
"1340255","0","0","0","","","","","","","","","","","",""
"1340321","","","","","","","","","","0.53125","0.53125","0.53125","","",""
"1340602","","","","","","","","","","","","","0.09375","0.09375","0.09375"
"1350227","","","","","","","0.15625","0.15625","0.15625","","","","","",""
"1350231","0","0","0","","","","","","","","","","","",""
"1350261","","","","0.9375","0.9375","0.9375","","","","","","","","",""
"1350285","","","","","","","","","","0.5625","0.5625","0.5625","","",""
"1350470","","","","","","","","","","","","","0","0","0"
"1360229","","","","","","","0.28125","0.28125","0.28125","","","","","",""
"1360232","0","0","0","","","","","","","","","","","",""
"1360292","","","","","","","","","","","","","0","0","0"
"1360394","","","","0.5625","0.5625","0.5625","","","","","","","","",""
"1360528","","","","","","","","","","0.4375","0.4375","0.4375","","",""
"1370240","0","0","0","","","","","","","","","","","",""
"1370260","","","","","","","","","","0.59375","0.59375","0.59375","","",""
"1370289","","","","","","","0.125","0.125","0.125","","","","","",""
"1370293","","","","0.78125","0.78125","0.78125","","","","","","","","",""
"1370303","","","","","","","","","","","","","0.09375","0.09375","0.09375"
"1380223","0","0","0","","","","","","","","","","","",""
"1380256","","","","0.71875","0.71875","0.71875","","","","","","","0.03125","0.03125","0.03125"
"1380314","","","","","","","","","","0.625","0.625","0.625","","",""
"1380321","","","","","","","0.0625","0.0625","0.0625","","","","","",""
"1390230","","","","","","","","","","0.53125","0.53125","0.53125","","",""
"1390232","0","0","0","","","","","","","","","","","",""
"1390290","","","","","","","0.15625","0.15625","0.15625","","","","","",""
"1390303","","","","0.5","0.5","0.5","","","","","","","","",""
"1390515","","","","","","","","","","","","","0","0","0"
"1400224","0","0","0","","","","","","","","","","","",""
"1400260","","","","","","","","","","0.59375","0.59375","0.59375","","",""
"1400272","","","","0.84375","0.84375","0.84375","","","","","","","","",""
"1400317","","","","","","","0.3125","0.3125","0.3125","","","","","",""
"1400331","","","","","","","","","","","","","0.09375","0.09375","0.09375"
"1410236","0","0","0","","","","","","","","","","","",""
"1410251","","","","0.84375","0.84375","0.84375","","","","","","","","",""
"1410261","","","","","","","","","","","","","0.21875","0.21875","0.21875"
"1410277","","","","","","","0.15625","0.15625","0.15625","","","","","",""
"1410297","","","","","","","","","","0.8125","0.8125","0.8125","","",""
"1420228","","","","","","","","","","","","","0.21875","0.21875","0.21875"
"1420240","","","","0.78125","0.78125","0.78125","","","","","","","","",""
"1420253","0","0","0","","","","","","","","","","","",""
"1420267","","","","","","","","","","0.46875","0.46875","0.46875","","",""
"1420323","","","","","","","0.1875","0.1875","0.1875","","","","","",""
"1430243","0","0","0","","","","","","","","","","","",""
"1430244","","","","","","","","","","0.78125","0.78125","0.78125","","",""
"1430248","","","","","","","","","","","","","0.4375","0.4375","0.4375"
"1430304","","","","0.8125","0.8125","0.8125","","","","","","","","",""
"1430373","","","","","","","0.28125","0.28125","0.28125","","","","","",""
"1440240","0","0","0","","","","","","","","","","","",""
"1440244","","","","","","","","","","","","","0","0","0"
"1440272","","","","","","","","","","0.90625","0.90625","0.90625","","",""
"1440291","","","","0.71875","0.71875","0.71875","","","","","","","","",""
"1440299","","","","","","","0.28125","0.28125","0.28125","","","","","",""
"1450226","","","","","","","","","","0.8125","0.8125","0.8125","","",""
"1450243","0","0","0","","","","","","","","","","","",""
"1450262","","","","0.78125","0.78125","0.78125","","","","","","","","",""
"1450278","","","","","","","0.65625","0.65625","0.65625","","","","","",""
"1450344","","","","","","","","","","","","","0.3125","0.3125","0.3125"
"1460250","0","0","0","","","","","","","","","","","",""
"1460253","","","","","","","","","","0.875","0.875","0.875","","",""
"1460327","","","","","","","","","","","","","0.59375","0.59375","0.59375"
"1460402","","","","0.90625","0.90625","0.90625","","","","","","","","",""
"1460481","","","","","","","0.59375","0.59375","0.59375","","","","","",""
"1470220","","","","","","","","","","0.71875","0.71875","0.71875","","",""
"1470242","0","0","0","","","","","","","","","","","",""
"1470273","","","","0.90625","0.90625","0.90625","","","","","","","","",""
"1470289","","","","","","","0.59375","0.59375","0.59375","","","","","",""
"1470337","","","","","","","","","","","","","0.5","0.5","0.5"
"1480230","","","","","","","0.5625","0.5625","0.5625","","","","","",""
"1480237","0","0","0","","","","","","","","","","","",""
"1480279","","","","","","","","","","1","1","1","","",""
"1480314","","","","0.78125","0.78125","0.78125","","","","","","","","",""
"1480336","","","","","","","","","","","","","0.3125","0.3125","0.3125"
"1490238","","","","","","","","","","","","","0.59375","0.59375","0.59375"
"1490251","0","0","0","","","","","","","","","","","",""
"1490290","","","","","","","","","","0.9375","0.9375","0.9375","","",""
"1490294","","","","0.78125","0.78125","0.78125","","","","","","","","",""
"1490307","","","","","","","0.4375","0.4375","0.4375","","","","","",""
"1500225","0","0","0","0.71875","0.71875","0.71875","","","","","","","","",""
"1500249","","","","","","","","","","0.90625","0.90625","0.90625","","",""
"1500359","","","","","","","0.4375","0.4375","0.4375","","","","","",""
"1500381","","","","","","","","","","","","","0.40625","0.40625","0.40625"
"1510224","","","","","","","","","","0.90625","0.90625","0.90625","","",""
"1510226","","","","","","","0.5","0.5","0.5","","","","","",""
"1510233","0","0","0","","","","","","","","","","","",""
"1510261","","","","","","","","","","","","","0.625","0.625","0.625"
"1510290","","","","0.90625","0.90625","0.90625","","","","","","","","",""
"1520232","","","","","","","","","","","","","0.46875","0.46875","0.46875"
"1520237","0","0","0","","","","","","","","","","","",""
"1520263","","","","0.78125","0.78125","0.78125","","","","","","","","",""
"1520348","","","","","","","","","","0.84375","0.84375","0.84375","","",""
"1520359","","","","","","","0.28125","0.28125","0.28125","","","","","",""
"1530229","","","","1","1","1","","","","","","","","",""
"1530241","0","0","0","","","","","","","","","","","",""
"1530320","","","","","","","","","","0.96875","0.96875","0.96875","","",""
"1530382","","","","","","","","","","","","","0.5","0.5","0.5"
"1530476","","","","","","","0.75","0.75","0.75","","","","","",""
"1540221","","","","","","","","","","0.90625","0.90625","0.90625","","",""
"1540230","","","","0.84375","0.84375","0.84375","","","","","","","","",""
"1540233","0","0","0","","","","","","","","","","","",""
"1540316","","","","","","","","","","","","","0.6875","0.6875","0.6875"
"1540558","","","","","","","0.625","0.625","0.625","","","","","",""
"1550236","","","","","","","","","","0.84375","0.84375","0.84375","","",""
"1550241","0","0","0","","","","","","","","","","","",""
"1550242","","","","","","","0.75","0.75","0.75","","","","","",""
"1550270","","","","","","","","","","","","","0.75","0.75","0.75"
"1550273","","","","0.625","0.625","0.625","","","","","","","","",""
"1560221","","","","","","","","","","1","1","1","","",""
"1560233","","","","0.9375","0.9375","0.9375","","","","","","","","",""
"1560238","0","0","0","","","","","","","","","","","",""
"1560268","","","","","","","","","","","","","0.75","0.75","0.75"
"1560360","","","","","","","0.84375","0.84375","0.84375","","","","","",""
"1570239","","","","0.9375","0.9375","0.9375","","","","","","","","",""
"1570243","0","0","0","","","","","","","","","","","",""
"1570257","","","","","","","","","","0.96875","0.96875","0.96875","","",""
"1570289","","","","","","","","","","","","","0.65625","0.65625","0.65625"
"1570293","","","","","","","0.6875","0.6875","0.6875","","","","","",""
"1580222","0","0","0","","","","","","","","","","","",""
"1580255","","","","","","","0.46875","0.46875","0.46875","","","","","",""
"1580320","","","","","","","","","","","","","0.71875","0.71875","0.71875"
"1580343","","","","","","","","","","0.96875","0.96875","0.96875","","",""
"1580437","","","","0.9375","0.9375","0.9375","","","","","","","","",""
"1590240","0","0","0","","","","","","","","","","","",""
"1590264","","","","","","","","","","","","","0.59375","0.59375","0.59375"
"1590276","","","","0.90625","0.90625","0.90625","","","","","","","","",""
"1590369","","","","","","","0.71875","0.71875","0.71875","","","","","",""
"1590371","","","","","","","","","","0.96875","0.96875","0.96875","","",""
"1600239","0","0","0","","","","","","","","","","","",""
"1600258","","","","","","","","","","0.96875","0.96875","0.96875","","",""
"1600265","","","","0.90625","0.90625","0.90625","","","","","","","","",""
"1600294","","","","","","","0.8125","0.8125","0.8125","","","","","",""
"1600332","","","","","","","","","","","","","0.34375","0.34375","0.34375"
"1610245","0","0","0","","","","","","","","","","","",""
"1610247","","","","0.90625","0.90625","0.90625","","","","","","","","",""
"1610254","","","","","","","","","","0.9375","0.9375","0.9375","","",""
"1610259","","","","","","","0.71875","0.71875","0.71875","","","","","",""
"1610317","","","","","","","","","","","","","0.46875","0.46875","0.46875"
"1620259","0","0","0","","","","","","","","","","","",""
"1620260","","","","1","1","1","","","","","","","","",""
"1620264","","","","","","","","","","1","1","1","","",""
"1620331","","","","","","","","","","","","","0.375","0.375","0.375"
"1620365","","","","","","","0.71875","0.71875","0.71875","","","","","",""
"1630221","0","0","0","","","","","","","","","","","",""
"1630264","","","","0.78125","0.78125","0.78125","","","","","","","","",""
"1630298","","","","","","","","","","","","","0.3125","0.3125","0.3125"
"1630341","","","","","","","","","","0.96875","0.96875","0.96875","","",""
"1630363","","","","","","","0.75","0.75","0.75","","","","","",""
"1640226","0","0","0","","","","","","","","","","","",""
"1640237","","","","","","","","","","0.75","0.75","0.75","","",""
"1640243","","","","","","","0.84375","0.84375","0.84375","","","","","",""
"1640547","","","","","","","","","","","","","0.4375","0.4375","0.4375"
"1640574","","","","0.78125","0.78125","0.78125","","","","","","","","",""
"1650229","0","0","0","","","","","","","","","","","",""
"1650237","","","","","","","0.875","0.875","0.875","","","","","",""
"1650242","","","","","","","","","","0.875","0.875","0.875","","",""
"1650274","","","","","","","","","","","","","0.21875","0.21875","0.21875"
"1650300","","","","0.9375","0.9375","0.9375","","","","","","","","",""
"1660243","","","","","","","","","","0.90625","0.90625","0.90625","","",""
"1660247","0","0","0","","","","","","","","","","","",""
"1660255","","","","","","","","","","","","","0.53125","0.53125","0.53125"
"1660264","","","","0.90625","0.90625","0.90625","","","","","","","","",""
"1660294","","","","","","","0.84375","0.84375","0.84375","","","","","",""
"1670240","0","0","0","","","","","","","","","","","",""
"1670276","","","","","","","","","","0.875","0.875","0.875","","",""
"1670303","","","","0.96875","0.96875","0.96875","","","","","","","","",""
"1670325","","","","","","","","","","","","","0.4375","0.4375","0.4375"
"1670584","","","","","","","0.96875","0.96875","0.96875","","","","","",""
"1680223","","","","","","","","","","0.90625","0.90625","0.90625","","",""
"1680226","","","","0.96875","0.96875","0.96875","","","","","","","","",""
"1680242","0","0","0","","","","","","","","","","","",""
"1680313","","","","","","","","","","","","","0.75","0.75","0.75"
"1680412","","","","","","","0.75","0.75","0.75","","","","","",""
"1690227","0","0","0","","","","","","","","","","","",""
"1690265","","","","","","","","","","","","","0.46875","0.46875","0.46875"
"1690274","","","","","","","0.8125","0.8125","0.8125","","","","","",""
"1690306","","","","0.78125","0.78125","0.78125","","","","","","","","",""
"1690346","","","","","","","","","","0.96875","0.96875","0.96875","","",""
"1700221","","","","0.96875","0.96875","0.96875","","","","","","","","",""
"1700236","0","0","0","","","","","","","","","","","",""
"1700274","","","","","","","0.84375","0.84375","0.84375","","","","","",""
"1700302","","","","","","","","","","0.90625","0.90625","0.90625","","",""
"1700319","","","","","","","","","","","","","0.71875","0.71875","0.71875"
"1710233","","","","0.78125","0.78125","0.78125","","","","","","","","",""
"1710248","","","","","","","0.84375","0.84375","0.84375","","","","","",""
"1710249","0","0","0","","","","","","","","","","","",""
"1710314","","","","","","","","","","1","1","1","","",""
"1710351","","","","","","","","","","","","","0.875","0.875","0.875"
"1720239","","","","0.59375","0.59375","0.59375","","","","","","","","",""
"1720242","0","0","0","","","","","","","","","","","",""
"1720257","","","","","","","","","","","","","0.71875","0.71875","0.71875"
"1720322","","","","","","","","","","0.96875","0.96875","0.96875","","",""
"1720333","","","","","","","0.71875","0.71875","0.71875","","","","","",""
"1730255","0","0","0","","","","","","","","","","","",""
"1730288","","","","","","","0.875","0.875","0.875","","","","","",""
"1730296","","","","0.8125","0.8125","0.8125","","","","","","","","",""
"1730347","","","","","","","","","","0.90625","0.90625","0.90625","","",""
"1730371","","","","","","","","","","","","","0.71875","0.71875","0.71875"
"1740229","","","","","","","","","","","","","0.65625","0.65625","0.65625"
"1740248","","","","","","","","","","0.9375","0.9375","0.9375","","",""
"1740256","0","0","0","","","","","","","","","","","",""
"1740268","","","","0.75","0.75","0.75","","","","","","","","",""
"1740296","","","","","","","0.8125","0.8125","0.8125","","","","","",""
"1750251","","","","0.875","0.875","0.875","","","","","","","","",""
"1750258","0","0","0","","","","","","","","","","","",""
"1750305","","","","","","","","","","","","","0.71875","0.71875","0.71875"
"1750316","","","","","","","","","","0.9375","0.9375","0.9375","","",""
"1750340","","","","","","","0.875","0.875","0.875","","","","","",""
"1760234","0","0","0","","","","","","","","","","","",""
"1760242","","","","","","","","","","","","","0.78125","0.78125","0.78125"
"1760262","","","","0.90625","0.90625","0.90625","","","","","","","","",""
"1760305","","","","","","","","","","0.875","0.875","0.875","","",""
"1760343","","","","","","","0.8125","0.8125","0.8125","","","","","",""
"1770242","0","0","0","","","","","","","","","","","",""
"1770282","","","","","","","","","","","","","0.625","0.625","0.625"
"1770296","","","","","","","","","","0.90625","0.90625","0.90625","","",""
"1770299","","","","0.90625","0.90625","0.90625","","","","","","","","",""
"1770375","","","","","","","0.71875","0.71875","0.71875","","","","","",""
"1780222","","","","","","","","","","","","","0.8125","0.8125","0.8125"
"1780259","0","0","0","","","","","","","","","","","",""
"1780284","","","","","","","","","","0.875","0.875","0.875","","",""
"1780294","","","","0.84375","0.84375","0.84375","","","","","","","","",""
"1780326","","","","","","","0.90625","0.90625","0.90625","","","","","",""
"1790236","","","","0.84375","0.84375","0.84375","","","","","","","","",""
"1790238","0","0","0","","","","","","","","","","","",""
"1790249","","","","","","","","","","","","","0.6875","0.6875","0.6875"
"1790273","","","","","","","","","","0.9375","0.9375","0.9375","","",""
"1790283","","","","","","","0.8125","0.8125","0.8125","","","","","",""
"1800249","0","0","0","","","","","","","","","","","",""
"1800263","","","","0.78125","0.78125","0.78125","","","","","","","","",""
"1800277","","","","","","","","","","","","","0.84375","0.84375","0.84375"
"1800291","","","","","","","0.84375","0.84375","0.84375","","","","","",""
"1800517","","","","","","","","","","0.90625","0.90625","0.90625","","",""
"1810231","0","0","0","","","","","","","","","","","",""
"1810236","","","","0.78125","0.78125","0.78125","","","","","","","","",""
"1810243","","","","","","","","","","","","","0.9375","0.9375","0.9375"
"1810254","","","","","","","0.875","0.875","0.875","","","","","",""
"1810304","","","","","","","","","","0.78125","0.78125","0.78125","","",""
"1820224","","","","0.875","0.875","0.875","","","","","","","","",""
"1820232","0","0","0","","","","","","","","","","","",""
"1820243","","","","","","","","","","0.65625","0.65625","0.65625","","",""
"1820260","","","","","","","","","","","","","0.84375","0.84375","0.84375"
"1820525","","","","","","","0.84375","0.84375","0.84375","","","","","",""
"1830223","0","0","0","","","","","","","","","","","",""
"1830237","","","","","","","","","","0.9375","0.9375","0.9375","","",""
"1830276","","","","","","","","","","","","","0.90625","0.90625","0.90625"
"1830306","","","","","","","0.90625","0.90625","0.90625","","","","","",""
"1830309","","","","0.59375","0.59375","0.59375","","","","","","","","",""
"1840228","","","","0.875","0.875","0.875","","","","","","","","",""
"1840239","0","0","0","","","","","","","","","","","",""
"1840247","","","","","","","0.96875","0.96875","0.96875","","","","","",""
"1840258","","","","","","","","","","0.78125","0.78125","0.78125","","",""
"1840353","","","","","","","","","","","","","0.875","0.875","0.875"
"1850222","0","0","0","","","","","","","","","","","",""
"1850247","","","","0.90625","0.90625","0.90625","","","","","","","0.96875","0.96875","0.96875"
"1850299","","","","","","","0.71875","0.71875","0.71875","","","","","",""
"1850355","","","","","","","","","","0.84375","0.84375","0.84375","","",""
"1860246","0","0","0","","","","","","","","","","","",""
"1860286","","","","","","","","","","0.84375","0.84375","0.84375","","",""
"1860311","","","","1","1","1","","","","","","","","",""
"1860329","","","","","","","","","","","","","0.96875","0.96875","0.96875"
"1860385","","","","","","","0.59375","0.59375","0.59375","","","","","",""
"1870221","0","0","0","","","","","","","","","","","",""
"1870241","","","","0.78125","0.78125","0.78125","","","","","","","","",""
"1870246","","","","","","","","","","","","","0.9375","0.9375","0.9375"
"1870299","","","","","","","0.875","0.875","0.875","","","","","",""
"1870406","","","","","","","","","","0.96875","0.96875","0.96875","","",""
"1880253","","","","","","","","","","0.90625","0.90625","0.90625","","",""
"1880255","0","0","0","","","","","","","","","","","",""
"1880259","","","","0.875","0.875","0.875","","","","","","","","",""
"1880291","","","","","","","0.96875","0.96875","0.96875","","","","","",""
"1880319","","","","","","","","","","","","","0.9375","0.9375","0.9375"
"1890221","","","","","","","","","","","","","0.9375","0.9375","0.9375"
"1890237","0","0","0","","","","","","","","","","","",""
"1890251","","","","0.90625","0.90625","0.90625","","","","","","","","",""
"1890296","","","","","","","","","","0.9375","0.9375","0.9375","","",""
"1890340","","","","","","","0.84375","0.84375","0.84375","","","","","",""
"1900250","0","0","0","","","","","","","","","","","",""
"1900261","","","","","","","","","","0.84375","0.84375","0.84375","","",""
"1900264","","","","","","","0.3125","0.3125","0.3125","","","","0.96875","0.96875","0.96875"
"1900307","","","","0.75","0.75","0.75","","","","","","","","",""
"1910224","0","0","0","","","","","","","","","","","",""
"1910254","","","","0.875","0.875","0.875","","","","","","","","",""
"1910295","","","","","","","","","","","","","0.96875","0.96875","0.96875"
"1910298","","","","","","","","","","0.84375","0.84375","0.84375","","",""
"1910310","","","","","","","0.90625","0.90625","0.90625","","","","","",""
"1920241","","","","0","0","0","","","","","","","","",""
"1920256","0","0","0","","","","","","","","","","","",""
"1920315","","","","","","","0.6875","0.6875","0.6875","","","","","",""
"1920326","","","","","","","","","","","","","0.96875","0.96875","0.96875"
"1920327","","","","","","","","","","0.96875","0.96875","0.96875","","",""
"1930240","0","0","0","","","","","","","","","","","",""
"1930269","","","","","","","","","","","","","0.875","0.875","0.875"
"1930287","","","","0.53125","0.53125","0.53125","","","","","","","","",""
"1930307","","","","","","","0.90625","0.90625","0.90625","","","","","",""
"1930319","","","","","","","","","","0.875","0.875","0.875","","",""
"1940229","0","0","0","","","","","","","","","","","",""
"1940234","","","","","","","0.90625","0.90625","0.90625","","","","","",""
"1940249","","","","","","","","","","0.875","0.875","0.875","","",""
"1940288","","","","","","","","","","","","","0.9375","0.9375","0.9375"
"1940496","","","","0.15625","0.15625","0.15625","","","","","","","","",""
"1950221","0","0","0","","","","","","","","","","","",""
"1950233","","","","","","","","","","","","","0.9375","0.9375","0.9375"
"1950273","","","","","","","0.875","0.875","0.875","","","","","",""
"1950308","","","","","","","","","","0.9375","0.9375","0.9375","","",""
"1950609","","","","0.46875","0.46875","0.46875","","","","","","","","",""
"1960237","","","","0.78125","0.78125","0.78125","","","","","","","","",""
"1960239","","","","","","","","","","0.9375","0.9375","0.9375","","",""
"1960255","0","0","0","","","","","","","","","","","",""
"1960316","","","","","","","0.6875","0.6875","0.6875","","","","","",""
"1960332","","","","","","","","","","","","","0.90625","0.90625","0.90625"
"1970241","0","0","0","","","","","","","","","","","",""
"1970279","","","","","","","","","","1","1","1","","",""
"1970302","","","","","","","0.96875","0.96875","0.96875","","","","","",""
"1970309","","","","","","","","","","","","","0.96875","0.96875","0.96875"
"1970316","","","","0.9375","0.9375","0.9375","","","","","","","","",""
"1980224","0","0","0","","","","","","","","","","","",""
"1980291","","","","","","","0.875","0.875","0.875","","","","","",""
"1980304","","","","","","","","","","","","","0.875","0.875","0.875"
"1980306","","","","","","","","","","0.84375","0.84375","0.84375","","",""
"1980307","","","","0.625","0.625","0.625","","","","","","","","",""
"1990222","","","","0.90625","0.90625","0.90625","","","","","","","","",""
"1990234","","","","","","","","","","0.8125","0.8125","0.8125","","",""
"1990236","0","0","0","","","","","","","","","","","",""
"1990300","","","","","","","","","","","","","0.875","0.875","0.875"
"1990346","","","","","","","0.8125","0.8125","0.8125","","","","","",""
"2000243","","","","","","","","","","","","","0.96875","0.96875","0.96875"
"2000244","0","0","0","","","","","","","","","","","",""
"2000262","","","","0.40625","0.40625","0.40625","","","","","","","","",""
"2000265","","","","","","","","","","0.8125","0.8125","0.8125","","",""
"2000310","","","","","","","0.9375","0.9375","0.9375","","","","","",""
"2010253","0","0","0","","","","","","","","","","","",""
"2010256","","","","","","","","","","","","","0.90625","0.90625","0.90625"
"2010260","","","","0.65625","0.65625","0.65625","","","","","","","","",""
"2010284","","","","","","","0.96875","0.96875","0.96875","","","","","",""
"2010295","","","","","","","","","","0.8125","0.8125","0.8125","","",""
"2020225","0","0","0","","","","","","","","","","","",""
"2020256","","","","0.6875","0.6875","0.6875","","","","","","","","",""
"2020276","","","","","","","","","","0.90625","0.90625","0.90625","","",""
"2020277","","","","","","","0.96875","0.96875","0.96875","","","","","",""
"2020320","","","","","","","","","","","","","0.84375","0.84375","0.84375"
"2030247","","","","","","","","","","0.90625","0.90625","0.90625","","",""
"2030249","0","0","0","","","","","","","","","","","",""
"2030273","","","","0.53125","0.53125","0.53125","","","","","","","","",""
"2030287","","","","","","","","","","","","","1","1","1"
"2030308","","","","","","","0.8125","0.8125","0.8125","","","","","",""
"2040231","","","","","","","","","","","","","0.78125","0.78125","0.78125"
"2040234","","","","0.625","0.625","0.625","","","","","","","","",""
"2040252","","","","","","","","","","0.71875","0.71875","0.71875","","",""
"2040263","0","0","0","","","","","","","","","","","",""
"2040379","","","","","","","0.375","0.375","0.375","","","","","",""
"2050228","","","","0.3125","0.3125","0.3125","","","","","","","","",""
"2050246","","","","","","","","","","","","","0.875","0.875","0.875"
"2050247","0","0","0","","","","","","","","","","","",""
"2050265","","","","","","","","","","0.78125","0.78125","0.78125","","",""
"2050342","","","","","","","0.78125","0.78125","0.78125","","","","","",""
"2060231","0","0","0","","","","","","","","","","","",""
"2060258","","","","","","","","","","0.875","0.875","0.875","","",""
"2060275","","","","","","","","","","","","","0.84375","0.84375","0.84375"
"2060311","","","","0.15625","0.15625","0.15625","","","","","","","","",""
"2060331","","","","","","","0.84375","0.84375","0.84375","","","","","",""
"2070222","","","","","","","","","","0.84375","0.84375","0.84375","","",""
"2070229","0","0","0","","","","","","","","","","","",""
"2070286","","","","","","","","","","","","","0.90625","0.90625","0.90625"
"2070296","","","","0.375","0.375","0.375","","","","","","","","",""
"2070297","","","","","","","0.875","0.875","0.875","","","","","",""
"2080239","0","0","0","","","","","","","","","","","",""
"2080252","","","","","","","","","","","","","0.875","0.875","0.875"
"2080276","","","","0.5625","0.5625","0.5625","","","","","","","","",""
"2080340","","","","","","","","","","0.96875","0.96875","0.96875","","",""
"2080432","","","","","","","0.84375","0.84375","0.84375","","","","","",""
"2090222","0","0","0","","","","","","","","","","","",""
"2090236","","","","","","","","","","","","","1","1","1"
"2090243","","","","","","","0.9375","0.9375","0.9375","","","","","",""
"2090270","","","","0.875","0.875","0.875","","","","","","","","",""
"2090299","","","","","","","","","","1","1","1","","",""
"2100235","0","0","0","","","","","","","","","","","",""
"2100251","","","","","","","","","","","","","0.96875","0.96875","0.96875"
"2100262","","","","0.71875","0.71875","0.71875","","","","","","","","",""
"2100274","","","","","","","0.9375","0.9375","0.9375","","","","","",""
"2100525","","","","","","","","","","0.75","0.75","0.75","","",""
"2110228","","","","","","","","","","","","","0.84375","0.84375","0.84375"
"2110249","0","0","0","","","","","","","","","","","",""
"2110257","","","","","","","","","","0.90625","0.90625","0.90625","","",""
"2110389","","","","","","","0.84375","0.84375","0.84375","","","","","",""
"2110550","","","","0.59375","0.59375","0.59375","","","","","","","","",""
"2120220","0","0","0","","","","","","","","","","","",""
"2120252","","","","","","","","","","","","","0.84375","0.84375","0.84375"
"2120289","","","","","","","","","","0.875","0.875","0.875","","",""
"2120301","","","","0.5625","0.5625","0.5625","","","","","","","","",""
"2120400","","","","","","","0.78125","0.78125","0.78125","","","","","",""
"2130233","","","","","","","0.78125","0.78125","0.78125","","","","","",""
"2130252","0","0","0","","","","","","","","","","","",""
"2130263","","","","0.6875","0.6875","0.6875","","","","","","","","",""
"2130272","","","","","","","","","","","","","0.875","0.875","0.875"
"2130313","","","","","","","","","","0.75","0.75","0.75","","",""
"2140228","0","0","0","","","","","","","","","","","",""
"2140237","","","","","","","","","","","","","0.90625","0.90625","0.90625"
"2140283","","","","0.84375","0.84375","0.84375","","","","","","","","",""
"2140285","","","","","","","","","","0.84375","0.84375","0.84375","","",""
"2140319","","","","","","","0.8125","0.8125","0.8125","","","","","",""
"2150222","0","0","0","","","","","","","","","","","",""
"2150244","","","","","","","","","","0.875","0.875","0.875","","",""
"2150248","","","","0.875","0.875","0.875","","","","","","","","",""
"2150261","","","","","","","","","","","","","0.96875","0.96875","0.96875"
"2150355","","","","","","","0.78125","0.78125","0.78125","","","","","",""
"2160224","","","","0.40625","0.40625","0.40625","","","","","","","","",""
"2160229","0","0","0","","","","","","","","","","","",""
"2160250","","","","","","","","","","0.875","0.875","0.875","","",""
"2160270","","","","","","","","","","","","","0.71875","0.71875","0.71875"
"2160304","","","","","","","0.78125","0.78125","0.78125","","","","","",""
"2170221","0","0","0","","","","","","","","","","","",""
"2170245","","","","","","","","","","","","","0.84375","0.84375","0.84375"
"2170250","","","","","","","","","","0.8125","0.8125","0.8125","","",""
"2170278","","","","0.84375","0.84375","0.84375","","","","","","","","",""
"2170328","","","","","","","0.75","0.75","0.75","","","","","",""
"2180225","","","","","","","","","","","","","0.90625","0.90625","0.90625"
"2180232","","","","","","","0.9375","0.9375","0.9375","","","","","",""
"2180236","0","0","0","","","","","","","","","","","",""
"2180280","","","","0.59375","0.59375","0.59375","","","","","","","","",""
"2180286","","","","","","","","","","0.75","0.75","0.75","","",""
"2190222","","","","0.84375","0.84375","0.84375","","","","","","","","",""
"2190223","","","","","","","","","","","","","0.71875","0.71875","0.71875"
"2190251","0","0","0","","","","","","","","","","","",""
"2190279","","","","","","","","","","0.71875","0.71875","0.71875","","",""
"2190294","","","","","","","0.75","0.75","0.75","","","","","",""
"2200237","0","0","0","","","","","","","","","","","",""
"2200239","","","","","","","","","","0.8125","0.8125","0.8125","","",""
"2200271","","","","","","","0.78125","0.78125","0.78125","","","","","",""
"2200282","","","","","","","","","","","","","1","1","1"
"2200295","","","","0.90625","0.90625","0.90625","","","","","","","","",""
"2210229","","","","","","","0.875","0.875","0.875","","","","","",""
"2210230","0","0","0","","","","","","","","","","","",""
"2210298","","","","","","","","","","0.84375","0.84375","0.84375","","",""
"2210316","","","","","","","","","","","","","0.9375","0.9375","0.9375"
"2210327","","","","0.875","0.875","0.875","","","","","","","","",""
"2220220","","","","","","","","","","0.78125","0.78125","0.78125","","",""
"2220236","","","","0.78125","0.78125","0.78125","","","","","","","","",""
"2220237","0","0","0","","","","","","","","","","","",""
"2220249","","","","","","","","","","","","","0.90625","0.90625","0.90625"
"2220304","","","","","","","0.90625","0.90625","0.90625","","","","","",""
"2230224","0","0","0","","","","","","","","","","","",""
"2230230","","","","","","","","","","0.875","0.875","0.875","","",""
"2230266","","","","","","","0.84375","0.84375","0.84375","","","","","",""
"2230279","","","","0.90625","0.90625","0.90625","","","","","","","","",""
"2230298","","","","","","","","","","","","","0.875","0.875","0.875"
"2240249","0","0","0","","","","","","","","","","","",""
"2240274","","","","","","","","","","","","","0.8125","0.8125","0.8125"
"2240298","","","","","","","0.8125","0.8125","0.8125","","","","","",""
"2240305","","","","0.71875","0.71875","0.71875","","","","0.8125","0.8125","0.8125","","",""
"2250236","0","0","0","","","","","","","","","","","",""
"2250264","","","","","","","","","","","","","0.84375","0.84375","0.84375"
"2250293","","","","","","","0.875","0.875","0.875","0.875","0.875","0.875","","",""
"2250294","","","","0.59375","0.59375","0.59375","","","","","","","","",""
"2260222","0","0","0","","","","","","","","","","","",""
"2260260","","","","0.65625","0.65625","0.65625","","","","","","","","",""
"2260288","","","","","","","","","","","","","0.75","0.75","0.75"
"2260296","","","","","","","0.75","0.75","0.75","0.8125","0.8125","0.8125","","",""
"2270230","0","0","0","","","","","","","","","","","",""
"2270247","","","","","","","0.8125","0.8125","0.8125","","","","","",""
"2270303","","","","0.96875","0.96875","0.96875","","","","","","","","",""
"2270324","","","","","","","","","","","","","0.875","0.875","0.875"
"2270619","","","","","","","","","","0.84375","0.84375","0.84375","","",""
"2280237","","","","0.84375","0.84375","0.84375","","","","","","","","",""
"2280242","0","0","0","","","","","","","","","","","",""
"2280271","","","","","","","","","","0.90625","0.90625","0.90625","","",""
"2280293","","","","","","","","","","","","","0.625","0.625","0.625"
"2280312","","","","","","","0.84375","0.84375","0.84375","","","","","",""
"2290233","0","0","0","","","","","","","","","","","",""
"2290236","","","","","","","","","","0.84375","0.84375","0.84375","","",""
"2290238","","","","","","","0.875","0.875","0.875","","","","","",""
"2290286","","","","0.8125","0.8125","0.8125","","","","","","","","",""
"2290329","","","","","","","","","","","","","0.84375","0.84375","0.84375"
"2300222","0","0","0","","","","","","","","","","","",""
"2300230","","","","","","","","","","","","","0.90625","0.90625","0.90625"
"2300267","","","","","","","0.875","0.875","0.875","","","","","",""
"2300288","","","","","","","","","","0.90625","0.90625","0.90625","","",""
"2300305","","","","0.78125","0.78125","0.78125","","","","","","","","",""
"2310238","","","","","","","","","","0.9375","0.9375","0.9375","","",""
"2310239","","","","","","","","","","","","","0.71875","0.71875","0.71875"
"2310253","0","0","0","","","","","","","","","","","",""
"2310256","","","","0.71875","0.71875","0.71875","","","","","","","","",""
"2310288","","","","","","","0.8125","0.8125","0.8125","","","","","",""
"2320226","","","","0.96875","0.96875","0.96875","","","","0.65625","0.65625","0.65625","","",""
"2320235","","","","","","","","","","","","","0.78125","0.78125","0.78125"
"2320244","0","0","0","","","","","","","","","","","",""
"2320284","","","","","","","0.875","0.875","0.875","","","","","",""
"2330231","","","","0.6875","0.6875","0.6875","","","","","","","","",""
"2330244","0","0","0","","","","","","","","","","","",""
"2330264","","","","","","","","","","0.65625","0.65625","0.65625","","",""
"2330301","","","","","","","0.9375","0.9375","0.9375","","","","","",""
"2330310","","","","","","","","","","","","","0.90625","0.90625","0.90625"
"2340225","","","","","","","","","","0.90625","0.90625","0.90625","","",""
"2340236","0.03125","0.03125","0.03125","","","","","","","","","","","",""
"2340305","","","","0.90625","0.90625","0.90625","1","1","1","","","","","",""
"2340321","","","","","","","","","","","","","0.90625","0.90625","0.90625"
"2350223","","","","","","","","","","","","","0.96875","0.96875","0.96875"
"2350244","0","0","0","","","","","","","","","","","",""
"2350289","","","","","","","","","","0.90625","0.90625","0.90625","","",""
"2350298","","","","0.84375","0.84375","0.84375","","","","","","","","",""
"2350332","","","","","","","0.90625","0.90625","0.90625","","","","","",""
"2360223","","","","","","","","","","0.96875","0.96875","0.96875","","",""
"2360239","0","0","0","","","","","","","","","","","",""
"2360275","","","","0.90625","0.90625","0.90625","","","","","","","","",""
"2360279","","","","","","","","","","","","","0.8125","0.8125","0.8125"
"2360287","","","","","","","0.8125","0.8125","0.8125","","","","","",""
"2370220","","","","","","","","","","0.90625","0.90625","0.90625","","",""
"2370236","0.03125","0.03125","0.03125","","","","","","","","","","","",""
"2370262","","","","","","","","","","","","","0.875","0.875","0.875"
"2370317","","","","0.9375","0.9375","0.9375","","","","","","","","",""
"2370319","","","","","","","0.875","0.875","0.875","","","","","",""
"2380255","0","0","0","","","","","","","","","","","",""
"2380278","","","","0.90625","0.90625","0.90625","","","","","","","","",""
"2380310","","","","","","","","","","0.90625","0.90625","0.90625","","",""
"2380354","","","","","","","0.90625","0.90625","0.90625","","","","","",""
"2380478","","","","","","","","","","","","","0.84375","0.84375","0.84375"
"2390239","0","0","0","","","","","","","","","","","",""
"2390240","","","","","","","","","","","","","0.71875","0.71875","0.71875"
"2390300","","","","0.78125","0.78125","0.78125","","","","","","","","",""
"2390303","","","","","","","0.84375","0.84375","0.84375","","","","","",""
"2390359","","","","","","","","","","0.875","0.875","0.875","","",""
"2400221","","","","","","","","","","","","","0.875","0.875","0.875"
"2400234","0","0","0","","","","","","","","","","","",""
"2400252","","","","","","","0.84375","0.84375","0.84375","","","","","",""
"2400266","","","","","","","","","","0.9375","0.9375","0.9375","","",""
"2400289","","","","0.53125","0.53125","0.53125","","","","","","","","",""
"2410222","","","","","","","0.96875","0.96875","0.96875","","","","","",""
"2410241","0","0","0","","","","","","","","","","","",""
"2410311","","","","","","","","","","0.96875","0.96875","0.96875","","",""
"2410315","","","","0.34375","0.34375","0.34375","","","","","","","0.8125","0.8125","0.8125"
"2420226","0","0","0","0.90625","0.90625","0.90625","","","","","","","","",""
"2420228","","","","","","","0.96875","0.96875","0.96875","","","","","",""
"2420246","","","","","","","","","","","","","0.75","0.75","0.75"
"2420288","","","","","","","","","","0.875","0.875","0.875","","",""
"2430242","0","0","0","","","","","","","","","","","",""
"2430269","","","","0.96875","0.96875","0.96875","","","","","","","","",""
"2430318","","","","","","","","","","0.875","0.875","0.875","","",""
"2430326","","","","","","","","","","","","","0.71875","0.71875","0.71875"
"2430341","","","","","","","0.75","0.75","0.75","","","","","",""
"2440254","0","0","0","","","","","","","","","","","",""
"2440258","","","","","","","0.84375","0.84375","0.84375","","","","","",""
"2440269","","","","","","","","","","","","","0.75","0.75","0.75"
"2440276","","","","","","","","","","0.96875","0.96875","0.96875","","",""
"2440304","","","","0.9375","0.9375","0.9375","","","","","","","","",""
"2450227","","","","","","","","","","0.9375","0.9375","0.9375","","",""
"2450237","0","0","0","","","","","","","","","","","",""
"2450246","","","","0.90625","0.90625","0.90625","","","","","","","","",""
"2450306","","","","","","","","","","","","","0.59375","0.59375","0.59375"
"2450311","","","","","","","0.84375","0.84375","0.84375","","","","","",""
"2460224","","","","","","","","","","0.9375","0.9375","0.9375","","",""
"2460249","0.03125","0.03125","0.03125","","","","","","","","","","","",""
"2460259","","","","","","","0.875","0.875","0.875","","","","","",""
"2460289","","","","0.875","0.875","0.875","","","","","","","","",""
"2460413","","","","","","","","","","","","","0.53125","0.53125","0.53125"
"2470225","","","","0.875","0.875","0.875","","","","","","","","",""
"2470254","0","0","0","","","","","","","","","","","",""
"2470258","","","","","","","","","","0.96875","0.96875","0.96875","","",""
"2470260","","","","","","","","","","","","","0.65625","0.65625","0.65625"
"2470265","","","","","","","0.90625","0.90625","0.90625","","","","","",""
"2480222","0","0","0","","","","","","","","","","","",""
"2480264","","","","0.8125","0.8125","0.8125","","","","","","","","",""
"2480272","","","","","","","0.71875","0.71875","0.71875","","","","","",""
"2480273","","","","","","","","","","","","","0.78125","0.78125","0.78125"
"2480281","","","","","","","","","","0.84375","0.84375","0.84375","","",""
"2490234","0","0","0","","","","","","","","","","","",""
"2490250","","","","0.90625","0.90625","0.90625","","","","","","","","",""
"2490259","","","","","","","","","","","","","0.875","0.875","0.875"
"2490293","","","","","","","","","","0.90625","0.90625","0.90625","","",""
"2490335","","","","","","","0.90625","0.90625","0.90625","","","","","",""
"2500242","","","","","","","","","","0.9375","0.9375","0.9375","","",""
"2500243","0","0","0","","","","","","","","","","","",""
"2500256","","","","0.90625","0.90625","0.90625","","","","","","","","",""
"2500265","","","","","","","0.9375","0.9375","0.9375","","","","","",""
"2500309","","","","","","","","","","","","","0.90625","0.90625","0.90625"