"Step","Group: 6h_vs_8z_ACORM_WM - win_rate","Group: 6h_vs_8z_ACORM_WM - win_rate__MIN","Group: 6h_vs_8z_ACORM_WM - win_rate__MAX","Group: 6h_vs_8z_ACORM_WM_ - win_rate","Group: 6h_vs_8z_ACORM_WM_ - win_rate__MIN","Group: 6h_vs_8z_ACORM_WM_ - win_rate__MAX"
"0","0","0","0","0","0","0"
"10220","0","0","0","","",""
"10224","0","0","0","","",""
"10225","0","0","0","","",""
"10243","","","","0","0","0"
"20227","0","0","0","","",""
"20232","0","0","0","","",""
"20233","0","0","0","","",""
"20238","","","","0","0","0"
"20239","0","0","0","","",""
"30225","","","","0","0","0"
"30226","0","0","0","","",""
"30227","0","0","0","","",""
"30229","0","0","0","","",""
"30231","0","0","0","","",""
"40223","0","0","0","","",""
"40227","0","0","0","","",""
"40233","0","0","0","","",""
"40241","","","","0","0","0"
"50222","0","0","0","","",""
"50231","0","0","0","","",""
"50232","0","0","0","","",""
"50233","0","0","0","","",""
"50234","","","","0","0","0"
"60222","0","0","0","","",""
"60226","0","0","0","0","0","0"
"60227","0","0","0","","",""
"60233","0","0","0","","",""
"70220","0","0","0","","",""
"70221","0","0","0","","",""
"70234","0","0","0","","",""
"70237","","","","0","0","0"
"70241","0","0","0","","",""
"80229","0","0","0","","",""
"80230","0","0","0","","",""
"80238","0","0","0","0","0","0"
"80242","0","0","0","","",""
"90233","0","0","0","","",""
"90235","","","","0","0","0"
"90240","0","0","0","","",""
"90241","0","0","0","","",""
"100222","0","0","0","","",""
"100223","","","","0","0","0"
"100230","0","0","0","","",""
"100239","0","0","0","","",""
"100245","0","0","0","","",""
"110224","0","0","0","","",""
"110225","0","0","0","","",""
"110233","0","0","0","","",""
"110237","","","","0","0","0"
"110244","0","0","0","","",""
"120222","0","0","0","","",""
"120231","0","0","0","","",""
"120239","0","0","0","0","0","0"
"130226","","","","0","0","0"
"130230","0","0","0","","",""
"130236","0","0","0","","",""
"130238","0","0","0","","",""
"130241","0","0","0","","",""
"140225","0","0","0","","",""
"140231","0","0","0","","",""
"140232","0","0","0","","",""
"140235","0","0","0","","",""
"140243","","","","0","0","0"
"150230","","","","0","0","0"
"150237","0","0","0","","",""
"150239","0","0","0","","",""
"150241","0","0","0","","",""
"150248","0","0","0","","",""
"160224","0","0","0","","",""
"160226","0","0","0","","",""
"160241","","","","0","0","0"
"160242","0","0","0","","",""
"160246","0","0","0","","",""
"170228","0","0","0","","",""
"170233","","","","0","0","0"
"170238","0","0","0","","",""
"170239","0","0","0","","",""
"170246","0","0","0","","",""
"180224","0","0","0","","",""
"180227","0","0","0","","",""
"180233","0","0","0","","",""
"180235","","","","0","0","0"
"180251","0","0","0","","",""
"190224","0","0","0","0","0","0"
"190243","0","0","0","","",""
"190245","0","0","0","","",""
"190271","0","0","0","","",""
"200226","0","0","0","","",""
"200227","","","","0","0","0"
"200238","0","0","0","","",""
"200240","0","0","0","","",""
"210220","0","0","0","0","0","0"
"210226","0","0","0","","",""
"210234","0","0","0","","",""
"210249","0","0","0","","",""
"220224","0","0","0","","",""
"220226","0","0","0","","",""
"220230","0","0","0","","",""
"220231","","","","0","0","0"
"230223","0","0","0","","",""
"230224","0","0","0","0","0","0"
"230239","0","0","0","","",""
"230249","0","0","0","","",""
"240223","0","0","0","","",""
"240232","","","","0","0","0"
"240233","0","0","0","","",""
"240234","0","0","0","","",""
"240240","0","0","0","","",""
"250224","0","0","0","","",""
"250226","0","0","0","","",""
"250227","0","0","0","","",""
"250228","","","","0","0","0"
"250242","0","0","0","","",""
"260233","0","0","0","","",""
"260235","0","0","0","","",""
"260241","0","0","0","","",""
"260243","","","","0","0","0"
"260244","0","0","0","","",""
"270220","0","0","0","","",""
"270222","0","0","0","","",""
"270233","","","","0","0","0"
"270238","0","0","0","","",""
"270243","0","0","0","","",""
"280220","0","0","0","","",""
"280226","0","0","0","","",""
"280229","0","0","0","","",""
"280230","0","0","0","","",""
"280234","","","","0","0","0"
"290226","0","0","0","","",""
"290232","0","0","0","","",""
"290233","0","0","0","0","0","0"
"290245","0","0","0","","",""
"300225","","","","0","0","0"
"300229","0","0","0","","",""
"300239","0","0","0","","",""
"300240","0","0","0","","",""
"300255","0","0","0","","",""
"310220","0","0","0","0","0","0"
"310232","0","0","0","","",""
"310242","0","0","0","","",""
"310244","0","0","0","","",""
"320236","0","0","0","","",""
"320237","0","0","0","","",""
"320239","","","","0","0","0"
"320240","0","0","0","","",""
"330221","0","0","0","","",""
"330223","0","0","0","","",""
"330239","0","0","0","","",""
"330240","","","","0","0","0"
"330250","0","0","0","","",""
"340221","","","","0","0","0"
"340225","0","0","0","","",""
"340237","0","0","0","","",""
"340250","0","0","0","","",""
"350222","0","0","0","","",""
"350226","0","0","0","","",""
"350233","0","0","0","","",""
"350246","0","0","0","","",""
"350251","","","","0","0","0"
"360224","0","0","0","","",""
"360226","0","0","0","","",""
"360230","0","0","0","","",""
"360234","","","","0","0","0"
"370225","0","0","0","","",""
"370232","0","0","0","","",""
"370238","0","0","0","","",""
"370242","","","","0","0","0"
"370246","0","0","0","","",""
"380222","0","0","0","","",""
"380229","","","","0","0","0"
"380239","0","0","0","","",""
"380246","0","0","0","","",""
"380258","0","0","0","","",""
"390223","0","0","0","","",""
"390224","0","0","0","","",""
"390231","0","0","0","0","0","0"
"390246","0","0","0","","",""
"400239","0","0","0","","",""
"400244","0","0","0","0","0","0"
"410221","0","0","0","","",""
"410224","0","0","0","","",""
"410236","0","0","0","","",""
"410238","","","","0","0","0"
"410243","0","0","0","","",""
"420225","0","0","0","","",""
"420240","0","0","0","","",""
"420241","","","","0","0","0"
"420245","0","0","0","","",""
"420257","0","0","0","","",""
"430220","0","0","0","","",""
"430222","0","0","0","","",""
"430223","","","","0","0","0"
"430235","0","0","0","","",""
"440222","0","0","0","","",""
"440236","0","0","0","","",""
"440239","0","0","0","","",""
"440247","0","0","0","","",""
"440249","","","","0","0","0"
"450230","","","","0","0","0"
"450231","0","0","0","","",""
"450237","0","0","0","","",""
"450239","0","0","0","","",""
"450248","0","0","0","","",""
"460232","0","0","0","","",""
"460235","0","0","0","","",""
"460243","0","0","0","0","0","0"
"460248","0","0","0","","",""
"470225","0","0","0","","",""
"470228","0","0","0","","",""
"470234","","","","0","0","0"
"470244","0","0","0","","",""
"480222","0","0","0","","",""
"480228","0","0","0","","",""
"480236","","","","0","0","0"
"480242","0","0","0","","",""
"480254","0","0","0","","",""
"490228","0","0","0","","",""
"490233","0","0","0","","",""
"490234","0","0","0","","",""
"490239","","","","0","0","0"
"490241","0","0","0","","",""
"500224","0","0","0","","",""
"500234","","","","0","0","0"
"500243","0","0","0","","",""
"500245","0","0","0","","",""
"510223","","","","0","0","0"
"510224","0","0","0","","",""
"510241","0","0","0","","",""
"510245","0","0","0","","",""
"510250","0","0","0","","",""
"520224","","","","0","0","0"
"520232","0","0","0","","",""
"520234","0.03125","0.03125","0.03125","","",""
"520236","0","0","0","","",""
"520257","0","0","0","","",""
"530225","0.03125","0.03125","0.03125","","",""
"530233","","","","0","0","0"
"530234","0","0","0","","",""
"530240","0","0","0","","",""
"530251","0","0","0","","",""
"540223","0","0","0","","",""
"540225","","","","0","0","0"
"540228","0","0","0","","",""
"540235","0","0","0","","",""
"540241","0","0","0","","",""
"550224","0","0","0","","",""
"550226","0","0","0","","",""
"550237","0","0","0","","",""
"550244","","","","0","0","0"
"550251","0","0","0","","",""
"560222","0","0","0","","",""
"560223","0","0","0","","",""
"560232","","","","0","0","0"
"560240","0","0","0","","",""
"560250","0","0","0","","",""
"570220","0","0","0","","",""
"570224","0","0","0","","",""
"570235","0","0","0","","",""
"570237","0","0","0","","",""
"570251","","","","0","0","0"
"580239","0","0","0","","",""
"580242","","","","0","0","0"
"580243","0","0","0","","",""
"580246","0","0","0","","",""
"580247","0","0","0","","",""
"590227","0","0","0","","",""
"590238","","","","0","0","0"
"590239","0","0","0","","",""
"590245","0","0","0","","",""
"590247","0","0","0","","",""
"600221","0","0","0","","",""
"600239","0","0","0","","",""
"600244","0","0","0","","",""
"600247","","","","0","0","0"
"600253","0","0","0","","",""
"610221","0","0","0","","",""
"610223","0","0","0","","",""
"610226","0","0","0","","",""
"610228","","","","0","0","0"
"610247","0","0","0","","",""
"620231","0","0","0","","",""
"620232","0","0","0","","",""
"620238","0","0","0","","",""
"620240","","","","0","0","0"
"620246","0","0","0","","",""
"630226","0.03125","0.03125","0.03125","","",""
"630228","","","","0","0","0"
"630230","0","0","0","","",""
"630241","0","0","0","","",""
"630250","0.03125","0.03125","0.03125","","",""
"640225","0","0","0","","",""
"640231","0","0","0","","",""
"640234","0","0","0","","",""
"640236","0.03125","0.03125","0.03125","","",""
"640243","","","","0","0","0"
"650231","0","0","0","","",""
"650234","0","0","0","","",""
"650238","0","0","0","","",""
"650240","0","0","0","","",""
"650241","","","","0","0","0"
"660227","0","0","0","","",""
"660238","0","0","0","","",""
"660241","","","","0","0","0"
"660248","0","0","0","","",""
"660253","0","0","0","","",""
"670229","0","0","0","","",""
"670232","","","","0","0","0"
"670234","0","0","0","","",""
"670248","0","0","0","","",""
"670251","0","0","0","","",""
"680221","0.03125","0.03125","0.03125","","",""
"680222","0","0","0","","",""
"680228","0","0","0","","",""
"680238","0","0","0","","",""
"680241","","","","0","0","0"
"690229","0","0","0","","",""
"690238","0.03125","0.03125","0.03125","","",""
"690240","","","","0","0","0"
"690242","0","0","0","","",""
"690244","0","0","0","","",""
"700224","0","0","0","","",""
"700227","","","","0","0","0"
"700243","0","0","0","","",""
"700245","0","0","0","","",""
"700260","0","0","0","","",""
"710233","0","0","0","","",""
"710236","0","0","0","","",""
"710243","","","","0","0","0"
"710246","0.03125","0.03125","0.03125","","",""
"710248","0","0","0","","",""
"720220","0","0","0","","",""
"720230","","","","0","0","0"
"720231","0","0","0","","",""
"720242","0","0","0","","",""
"720247","0.03125","0.03125","0.03125","","",""
"730221","0","0","0","","",""
"730230","0","0","0","","",""
"730236","0","0","0","","",""
"730241","0","0","0","","",""
"730242","","","","0","0","0"
"740221","0.03125","0.03125","0.03125","","",""
"740227","0","0","0","","",""
"740233","","","","0","0","0"
"740234","0","0","0","","",""
"740246","0","0","0","","",""
"750222","","","","0","0","0"
"750224","0","0","0","","",""
"750235","0.0625","0.0625","0.0625","","",""
"750241","0","0","0","","",""
"750243","0","0","0","","",""
"760223","0","0","0","","",""
"760229","0.03125","0","0.0625","","",""
"760236","0","0","0","","",""
"760237","","","","0","0","0"
"770230","0.03125","0.03125","0.03125","","",""
"770232","0","0","0","","",""
"770238","0","0","0","","",""
"770251","0","0","0","","",""
"770256","","","","0","0","0"
"780221","0","0","0","","",""
"780228","","","","0","0","0"
"780243","0","0","0","","",""
"780249","0.015625","0","0.03125","","",""
"790228","0","0","0","","",""
"790230","0","0","0","","",""
"790237","","","","0","0","0"
"790243","0.0625","0.0625","0.0625","","",""
"790247","0","0","0","","",""
"800225","0","0","0","","",""
"800233","0","0","0","0.09375","0.09375","0.09375"
"800238","0.0625","0.0625","0.0625","","",""
"800254","0","0","0","","",""
"810228","0.03125","0.03125","0.03125","","",""
"810237","0","0","0","0","0","0"
"810241","0","0","0","","",""
"810242","0","0","0","","",""
"820230","","","","0","0","0"
"820235","0","0","0","","",""
"820238","0","0","0","","",""
"820242","0","0","0","","",""
"820251","0","0","0","","",""
"830221","0","0","0","","",""
"830222","0","0","0","","",""
"830232","0","0","0","","",""
"830236","","","","0.0625","0.0625","0.0625"
"830242","0","0","0","","",""
"840222","","","","0","0","0"
"840228","0","0","0","","",""
"840230","0","0","0","","",""
"840240","0.03125","0.03125","0.03125","","",""
"840254","0.03125","0.03125","0.03125","","",""
"850221","0","0","0","","",""
"850238","","","","0.03125","0.03125","0.03125"
"850244","0","0","0","","",""
"850253","0","0","0","","",""
"850369","0","0","0","","",""
"860220","0","0","0","","",""
"860231","0","0","0","","",""
"860244","0.15625","0.15625","0.15625","","",""
"860252","0","0","0","","",""
"860256","","","","0","0","0"
"870235","0.03125","0.03125","0.03125","","",""
"870245","0","0","0","","",""
"870255","0.03125","0.03125","0.03125","","",""
"870265","0","0","0","","",""
"870266","","","","0","0","0"
"880220","0","0","0","","",""
"880225","0","0","0","","",""
"880228","0.0625","0.0625","0.0625","","",""
"880236","","","","0","0","0"
"880240","0","0","0","","",""
"890225","","","","0.0625","0.0625","0.0625"
"890228","0","0","0","","",""
"890248","0","0","0","","",""
"890260","0","0","0","","",""
"890261","0","0","0","","",""
"900227","0","0","0","0.03125","0.03125","0.03125"
"900229","0.09375","0.09375","0.09375","","",""
"900240","0.0625","0.0625","0.0625","","",""
"900244","0","0","0","","",""
"910226","0.015625","0","0.03125","","",""
"910231","0.09375","0.09375","0.09375","","",""
"910249","","","","0.03125","0.03125","0.03125"
"910253","0.0625","0.0625","0.0625","","",""
"920220","0.0625","0.0625","0.0625","","",""
"920221","0","0","0","","",""
"920229","0","0","0","","",""
"920230","0","0","0","","",""
"920235","","","","0","0","0"
"930222","0","0","0","","",""
"930224","","","","0.03125","0.03125","0.03125"
"930241","0","0","0","","",""
"930244","0.125","0.125","0.125","","",""
"930258","0.03125","0.03125","0.03125","","",""
"940220","","","","0","0","0"
"940236","0.0625","0.0625","0.0625","","",""
"940240","0","0","0","","",""
"940242","0","0","0","","",""
"940246","0","0","0","","",""
"950222","0","0","0","","",""
"950229","0","0","0","","",""
"950231","","","","0.125","0.125","0.125"
"950247","0.03125","0","0.0625","","",""
"960223","0","0","0","","",""
"960234","0.03125","0.03125","0.03125","","",""
"960245","0.03125","0.03125","0.03125","","",""
"960246","0","0","0","","",""
"960248","","","","0.0625","0.0625","0.0625"
"970223","0","0","0","","",""
"970229","0","0","0","","",""
"970234","","","","0.03125","0.03125","0.03125"
"970238","0.03125","0.03125","0.03125","","",""
"980221","0","0","0","","",""
"980228","","","","0.09375","0.09375","0.09375"
"980239","0","0","0","","",""
"980246","0.03125","0.03125","0.03125","","",""
"980250","0","0","0","","",""
"990222","0.0625","0.0625","0.0625","","",""
"990230","0","0","0","","",""
"990239","0","0","0","","",""
"990250","0","0","0","","",""
"990253","","","","0.0625","0.0625","0.0625"
"1000220","0.03125","0.03125","0.03125","","",""
"1000227","0.09375","0.09375","0.09375","","",""
"1000239","0","0","0","","",""
"1000244","0","0","0","","",""
"1000255","","","","0.09375","0.09375","0.09375"
"1010233","0.09375","0.09375","0.09375","","",""
"1010239","0","0","0","","",""
"1010246","0.03125","0.03125","0.03125","","",""
"1010254","","","","0.0625","0.0625","0.0625"
"1020220","","","","0","0","0"
"1020228","0","0","0","","",""
"1020233","0.1875","0.1875","0.1875","","",""
"1020235","0","0","0","","",""
"1020245","0","0","0","","",""
"1030224","0.125","0.125","0.125","","",""
"1030226","0","0","0","0.0625","0.0625","0.0625"
"1030249","0","0","0","","",""
"1030258","0","0","0","","",""
"1040236","","","","0.0625","0.0625","0.0625"
"1040241","0.03125","0.03125","0.03125","","",""
"1040242","0","0","0","","",""
"1040243","0.0625","0.0625","0.0625","","",""
"1040248","0.03125","0.03125","0.03125","","",""
"1050241","0.15625","0.15625","0.15625","","",""
"1050245","","","","0.09375","0.09375","0.09375"
"1050246","0","0","0","","",""
"1050260","0","0","0","","",""
"1050265","0","0","0","","",""
"1060225","0","0","0","","",""
"1060228","","","","0.125","0.125","0.125"
"1060236","0.0625","0.0625","0.0625","","",""
"1060245","0.03125","0.03125","0.03125","","",""
"1060260","0.15625","0.15625","0.15625","","",""
"1070228","","","","0.09375","0.09375","0.09375"
"1070240","0.03125","0","0.0625","","",""
"1070242","0","0","0","","",""
"1070251","0","0","0","","",""
"1080227","0.0625","0.0625","0.0625","","",""
"1080232","0","0","0","","",""
"1080234","","","","0.125","0.125","0.125"
"1080240","0","0","0","","",""
"1080243","0","0","0","","",""
"1090222","0","0","0","","",""
"1090226","0","0","0","","",""
"1090231","0","0","0","","",""
"1090238","0.0625","0.0625","0.0625","","",""
"1090245","","","","0.03125","0.03125","0.03125"
"1100221","0.125","0.125","0.125","","",""
"1100228","0.03125","0.03125","0.03125","","",""
"1100237","0.03125","0.03125","0.03125","","",""
"1100241","0.03125","0.03125","0.03125","","",""
"1100250","","","","0.125","0.125","0.125"
"1110234","0.03125","0.03125","0.03125","","",""
"1110238","0.03125","0.03125","0.03125","","",""
"1110244","0.03125","0.03125","0.03125","","",""
"1110249","","","","0.09375","0.09375","0.09375"
"1110257","0.09375","0.09375","0.09375","","",""
"1120222","0.03125","0.03125","0.03125","","",""
"1120235","","","","0","0","0"
"1120238","0.0625","0.0625","0.0625","","",""
"1120252","0.046875","0","0.09375","","",""
"1130223","0","0","0","","",""
"1130228","0.125","0.125","0.125","","",""
"1130246","0","0","0","","",""
"1130250","0","0","0","","",""
"1130253","","","","0.0625","0.0625","0.0625"
"1140224","0","0","0","","",""
"1140238","","","","0.21875","0.21875","0.21875"
"1140240","0.15625","0.15625","0.15625","","",""
"1140241","0","0","0","","",""
"1140248","0","0","0","","",""
"1150222","0.03125","0.03125","0.03125","","",""
"1150223","0.125","0.125","0.125","","",""
"1150224","","","","0.0625","0.0625","0.0625"
"1150242","0.015625","0","0.03125","","",""
"1160227","0","0","0","","",""
"1160244","0","0","0","","",""
"1160245","0.03125","0.03125","0.03125","","",""
"1160250","","","","0.15625","0.15625","0.15625"
"1160254","0","0","0","","",""
"1170222","0","0","0","","",""
"1170230","0.28125","0.28125","0.28125","","",""
"1170252","0.03125","0.03125","0.03125","0.15625","0.15625","0.15625"
"1180220","","","","0.0625","0.0625","0.0625"
"1180227","0","0","0","","",""
"1180240","0.09375","0.09375","0.09375","","",""
"1180241","0.09375","0.09375","0.09375","","",""
"1180250","0","0","0","","",""
"1190221","0","0","0","","",""
"1190222","0","0","0","","",""
"1190228","0.21875","0.21875","0.21875","","",""
"1190231","0","0","0","","",""
"1190252","","","","0.0625","0.0625","0.0625"
"1200226","0.03125","0.03125","0.03125","","",""
"1200227","0.3125","0.3125","0.3125","","",""
"1200228","","","","0.09375","0.09375","0.09375"
"1200256","0.03125","0.03125","0.03125","","",""
"1200257","0","0","0","","",""
"1210244","0","0","0","","",""
"1210245","","","","0.03125","0.03125","0.03125"
"1210250","0.03125","0.03125","0.03125","","",""
"1210255","0.03125","0.03125","0.03125","","",""
"1210259","0.15625","0.15625","0.15625","","",""
"1220222","0.03125","0","0.0625","","",""
"1220227","0.1875","0.1875","0.1875","","",""
"1220238","0.25","0.25","0.25","","",""
"1220248","","","","0.1875","0.1875","0.1875"
"1230220","","","","0.09375","0.09375","0.09375"
"1230237","0.40625","0.40625","0.40625","","",""
"1230239","0","0","0","","",""
"1230240","0.03125","0.03125","0.03125","","",""
"1230241","0.09375","0.09375","0.09375","","",""
"1240232","0.0625","0.0625","0.0625","","",""
"1240233","","","","0.0625","0.0625","0.0625"
"1240240","0.03125","0.03125","0.03125","","",""
"1240242","0.0625","0.0625","0.0625","","",""
"1240245","0.28125","0.28125","0.28125","","",""
"1250232","0","0","0","","",""
"1250237","","","","0.0625","0.0625","0.0625"
"1250238","0","0","0","","",""
"1250241","0.28125","0.28125","0.28125","","",""
"1250246","0.03125","0.03125","0.03125","","",""
"1260223","0.0625","0.0625","0.0625","","",""
"1260234","","","","0.03125","0.03125","0.03125"
"1260242","0.03125","0.03125","0.03125","","",""
"1260247","0","0","0","","",""
"1260256","0.25","0.25","0.25","","",""
"1270233","0.09375","0.09375","0.09375","","",""
"1270238","","","","0.125","0.125","0.125"
"1270243","0.21875","0.21875","0.21875","","",""
"1270251","0.0625","0.0625","0.0625","","",""
"1270255","0.03125","0.03125","0.03125","","",""
"1280221","0.15625","0.15625","0.15625","","",""
"1280226","","","","0.15625","0.15625","0.15625"
"1280248","0.21875","0.21875","0.21875","","",""
"1280249","0.03125","0.03125","0.03125","","",""
"1280254","0","0","0","","",""
"1290234","0.125","0.125","0.125","","",""
"1290241","0.03125","0.03125","0.03125","","",""
"1290244","0.03125","0.03125","0.03125","","",""
"1290246","0.0625","0.0625","0.0625","","",""
"1290255","","","","0.1875","0.1875","0.1875"
"1300222","","","","0.09375","0.09375","0.09375"
"1300225","0","0","0","","",""
"1300227","0","0","0","","",""
"1300241","0.0625","0.0625","0.0625","","",""
"1300243","0.125","0.125","0.125","","",""
"1310225","0.03125","0.03125","0.03125","","",""
"1310236","0","0","0","","",""
"1310243","","","","0.25","0.25","0.25"
"1310247","0.03125","0.03125","0.03125","","",""
"1310257","0.34375","0.34375","0.34375","","",""
"1320232","","","","0.25","0.25","0.25"
"1320241","0.03125","0.03125","0.03125","","",""
"1320249","0","0","0","","",""
"1320250","0","0","0","","",""
"1320253","0.3125","0.3125","0.3125","","",""
"1330223","0.28125","0.28125","0.28125","","",""
"1330227","0.0625","0.0625","0.0625","","",""
"1330234","","","","0.125","0.125","0.125"
"1330235","0.09375","0.09375","0.09375","","",""
"1330253","0.0625","0.0625","0.0625","","",""
"1340237","0","0","0","","",""
"1340248","0.25","0.25","0.25","0.3125","0.3125","0.3125"
"1340253","0.03125","0.03125","0.03125","","",""
"1340264","0.0625","0.0625","0.0625","","",""
"1350220","0.0625","0.0625","0.0625","","",""
"1350221","0.0625","0.0625","0.0625","","",""
"1350225","0.0625","0.0625","0.0625","","",""
"1350251","0.0625","0.0625","0.0625","","",""
"1350257","","","","0.09375","0.09375","0.09375"
"1360223","0","0","0","","",""
"1360226","","","","0.125","0.125","0.125"
"1360228","0.03125","0.03125","0.03125","","",""
"1360229","0","0","0","","",""
"1360233","0.3125","0.3125","0.3125","","",""
"1370233","0","0","0","","",""
"1370235","0.0625","0.0625","0.0625","","",""
"1370252","0","0","0","0.125","0.125","0.125"
"1370262","0.28125","0.28125","0.28125","","",""
"1380237","","","","0.1875","0.1875","0.1875"
"1380240","0.28125","0.28125","0.28125","","",""
"1380242","0.03125","0.03125","0.03125","","",""
"1380250","0.09375","0.09375","0.09375","","",""
"1380261","0","0","0","","",""
"1390220","0.09375","0.09375","0.09375","","",""
"1390221","0","0","0","","",""
"1390225","0.03125","0.03125","0.03125","","",""
"1390230","","","","0.28125","0.28125","0.28125"
"1390240","0.28125","0.28125","0.28125","","",""
"1400225","0.03125","0.03125","0.03125","0.25","0.25","0.25"
"1400227","0.03125","0.03125","0.03125","","",""
"1400241","0.0625","0.0625","0.0625","","",""
"1400255","0.25","0.25","0.25","","",""
"1410220","0.34375","0.34375","0.34375","","",""
"1410234","0","0","0","","",""
"1410237","","","","0.15625","0.15625","0.15625"
"1410243","0","0","0","","",""
"1410244","0.03125","0.03125","0.03125","","",""
"1420232","0.15625","0.15625","0.15625","","",""
"1420236","0.03125","0.03125","0.03125","","",""
"1420245","0","0","0","","",""
"1420255","0.40625","0.40625","0.40625","","",""
"1420257","","","","0.1875","0.1875","0.1875"
"1430230","0.25","0.25","0.25","","",""
"1430232","0.0625","0.0625","0.0625","","",""
"1430237","","","","0.125","0.125","0.125"
"1430239","0.09375","0.09375","0.09375","","",""
"1430264","0.0625","0.0625","0.0625","","",""
"1440229","0.0625","0.0625","0.0625","","",""
"1440238","0.25","0.25","0.25","","",""
"1440239","","","","0.21875","0.21875","0.21875"
"1440247","0.03125","0.03125","0.03125","","",""
"1440252","0.0625","0.0625","0.0625","","",""
"1450220","0.0625","0.0625","0.0625","","",""
"1450223","","","","0.25","0.25","0.25"
"1450246","0.15625","0.15625","0.15625","","",""
"1450252","0.03125","0.03125","0.03125","","",""
"1450253","0","0","0","","",""
"1460237","","","","0.1875","0.1875","0.1875"
"1460244","0.09375","0.09375","0.09375","","",""
"1460245","0.0625","0.0625","0.0625","","",""
"1460250","0.0625","0.0625","0.0625","","",""
"1460259","0.28125","0.28125","0.28125","","",""
"1470220","0.28125","0.28125","0.28125","","",""
"1470230","0.0625","0.0625","0.0625","0.3125","0.3125","0.3125"
"1470251","0.03125","0.03125","0.03125","","",""
"1480226","","","","0.21875","0.21875","0.21875"
"1480228","0.21875","0.21875","0.21875","","",""
"1480237","0.25","0.25","0.25","","",""
"1480258","0.03125","0.03125","0.03125","","",""
"1480268","0","0","0","","",""
"1490235","0.125","0.125","0.125","","",""
"1490240","0.15625","0.15625","0.15625","","",""
"1490247","0.125","0.125","0.125","","",""
"1490248","","","","0.21875","0.21875","0.21875"
"1490260","0.15625","0.15625","0.15625","","",""
"1500227","0.03125","0.03125","0.03125","","",""
"1500237","0.34375","0.34375","0.34375","","",""
"1500241","","","","0.4375","0.4375","0.4375"
"1500246","0.03125","0.03125","0.03125","","",""
"1500259","0.125","0.125","0.125","","",""
"1510222","0.0625","0.0625","0.0625","","",""
"1510223","","","","0.21875","0.21875","0.21875"
"1510233","0.0625","0.0625","0.0625","","",""
"1510242","0.09375","0.09375","0.09375","","",""
"1510249","0.25","0.25","0.25","","",""
"1520230","0.09375","0.09375","0.09375","","",""
"1520233","0.125","0.125","0.125","","",""
"1520238","0.15625","0.15625","0.15625","0.25","0.25","0.25"
"1520240","0.3125","0.3125","0.3125","","",""
"1530238","0.28125","0.28125","0.28125","","",""
"1530243","0.09375","0.09375","0.09375","","",""
"1530248","0.0625","0.0625","0.0625","","",""
"1530249","0.0625","0.0625","0.0625","","",""
"1530259","","","","0.28125","0.28125","0.28125"
"1540245","0.03125","0.03125","0.03125","0.34375","0.34375","0.34375"
"1540253","0.40625","0.40625","0.40625","","",""
"1540257","0.046875","0.03125","0.0625","","",""
"1550233","","","","0.25","0.25","0.25"
"1550236","0.09375","0.09375","0.09375","","",""
"1550241","0.171875","0.125","0.21875","","",""
"1550243","0.09375","0.09375","0.09375","","",""
"1560220","0.25","0.25","0.25","","",""
"1560231","","","","0.34375","0.34375","0.34375"
"1560235","0.09375","0.09375","0.09375","","",""
"1560252","0.03125","0.03125","0.03125","","",""
"1560253","0.09375","0.09375","0.09375","","",""
"1570230","0.0625","0.0625","0.0625","","",""
"1570242","","","","0.3125","0.3125","0.3125"
"1570245","0.0625","0.0625","0.0625","","",""
"1570253","0.5","0.5","0.5","","",""
"1570257","0.03125","0.03125","0.03125","","",""
"1580220","0.3125","0.3125","0.3125","","",""
"1580244","0.09375","0.09375","0.09375","","",""
"1580247","0.15625","0.15625","0.15625","","",""
"1580252","","","","0.3125","0.3125","0.3125"
"1580258","0.0625","0.0625","0.0625","","",""
"1590224","0.109375","0.09375","0.125","","",""
"1590225","0.40625","0.40625","0.40625","","",""
"1590233","0.1875","0.1875","0.1875","","",""
"1590242","","","","0.3125","0.3125","0.3125"
"1600220","","","","0.375","0.375","0.375"
"1600223","0.09375","0.09375","0.09375","","",""
"1600231","0.03125","0.03125","0.03125","","",""
"1600253","0.15625","0.15625","0.15625","","",""
"1600264","0.3125","0.3125","0.3125","","",""
"1610222","","","","0.34375","0.34375","0.34375"
"1610244","0.078125","0.03125","0.125","","",""
"1610247","0.0625","0.0625","0.0625","","",""
"1610257","0.3125","0.3125","0.3125","","",""
"1620242","","","","0.34375","0.34375","0.34375"
"1620247","0.0625","0.0625","0.0625","","",""
"1620249","0.375","0.375","0.375","","",""
"1620253","0.125","0.125","0.125","","",""
"1620258","0.09375","0.09375","0.09375","","",""
"1630220","0.28125","0.28125","0.28125","","",""
"1630222","0.09375","0.09375","0.09375","","",""
"1630224","0.1875","0.1875","0.1875","","",""
"1630244","0","0","0","","",""
"1630248","","","","0.25","0.25","0.25"
"1640226","0.34375","0.34375","0.34375","","",""
"1640231","","","","0.5625","0.5625","0.5625"
"1640235","0.15625","0.15625","0.15625","","",""
"1640237","0.0625","0.0625","0.0625","","",""
"1640238","0.09375","0.09375","0.09375","","",""
"1650226","0.15625","0.15625","0.15625","","",""
"1650227","0.0625","0.0625","0.0625","","",""
"1650230","0.125","0.125","0.125","","",""
"1650238","0.34375","0.34375","0.34375","","",""
"1650259","","","","0.21875","0.21875","0.21875"
"1660223","0.125","0.125","0.125","","",""
"1660227","0.0625","0.0625","0.0625","","",""
"1660230","0.03125","0.03125","0.03125","","",""
"1660249","","","","0.28125","0.28125","0.28125"
"1660257","0.28125","0.28125","0.28125","","",""
"1670224","0.15625","0.15625","0.15625","","",""
"1670250","0.125","0.125","0.125","","",""
"1670252","0.125","0.125","0.125","","",""
"1670253","0.15625","0.15625","0.15625","","",""
"1670265","","","","0.5625","0.5625","0.5625"
"1680220","0.21875","0.15625","0.28125","","",""
"1680235","0.09375","0.09375","0.09375","","",""
"1680247","0.1875","0.1875","0.1875","","",""
"1680260","","","","0.375","0.375","0.375"
"1690224","0.21875","0.21875","0.21875","","",""
"1690239","0.09375","0.09375","0.09375","","",""
"1690245","0.25","0.25","0.25","","",""
"1690246","0.09375","0.09375","0.09375","","",""
"1690253","","","","0.21875","0.21875","0.21875"
"1700221","0.125","0.125","0.125","","",""
"1700227","0.375","0.375","0.375","","",""
"1700234","0.125","0.125","0.125","","",""
"1700239","","","","0.34375","0.34375","0.34375"
"1700242","0.09375","0.09375","0.09375","","",""
"1710228","0.5","0.5","0.5","","",""
"1710230","0.09375","0.09375","0.09375","","",""
"1710252","0.25","0.25","0.25","","",""
"1710254","","","","0.375","0.375","0.375"
"1710265","0.125","0.125","0.125","","",""
"1720234","0.1875","0.1875","0.1875","","",""
"1720240","0.15625","0.15625","0.15625","","",""
"1720243","0.15625","0.15625","0.15625","","",""
"1720257","","","","0.4375","0.4375","0.4375"
"1720260","0.09375","0.09375","0.09375","","",""
"1730226","0.125","0.125","0.125","","",""
"1730230","0.09375","0.09375","0.09375","","",""
"1730234","0.46875","0.46875","0.46875","","",""
"1730237","","","","0.3125","0.3125","0.3125"
"1730241","0.0625","0.0625","0.0625","","",""
"1740237","0.1875","0.1875","0.1875","","",""
"1740242","0.15625","0.15625","0.15625","","",""
"1740250","0.21875","0.21875","0.21875","","",""
"1740256","","","","0.25","0.25","0.25"
"1740263","0.15625","0.15625","0.15625","","",""
"1750225","","","","0.5","0.5","0.5"
"1750236","0.40625","0.40625","0.40625","","",""
"1750248","0.15625","0.15625","0.15625","","",""
"1750251","0.15625","0.15625","0.15625","","",""
"1750254","0.15625","0.15625","0.15625","","",""
"1760220","0.09375","0.09375","0.09375","","",""
"1760224","","","","0.46875","0.46875","0.46875"
"1760238","0.28125","0.28125","0.28125","","",""
"1760239","0.25","0.25","0.25","","",""
"1760341","0.21875","0.21875","0.21875","","",""
"1770230","0.15625","0.15625","0.15625","","",""
"1770233","0.234375","0.09375","0.375","","",""
"1770239","","","","0.40625","0.40625","0.40625"
"1770260","0.1875","0.1875","0.1875","","",""
"1780220","0.1875","0.1875","0.1875","","",""
"1780224","0.296875","0.28125","0.3125","","",""
"1780225","","","","0.46875","0.46875","0.46875"
"1780247","0.21875","0.21875","0.21875","","",""
"1790226","0.1875","0.1875","0.1875","","",""
"1790227","0.34375","0.34375","0.34375","","",""
"1790228","0.1875","0.1875","0.1875","","",""
"1790236","0.125","0.125","0.125","","",""
"1790242","","","","0.46875","0.46875","0.46875"
"1800231","0.1875","0.1875","0.1875","","",""
"1800245","0.21875","0.21875","0.21875","","",""
"1800249","","","","0.4375","0.4375","0.4375"
"1800251","0.28125","0.28125","0.28125","","",""
"1810233","0.25","0.25","0.25","","",""
"1810235","0.09375","0.09375","0.09375","","",""
"1810249","","","","0.5625","0.5625","0.5625"
"1810250","0.28125","0.28125","0.28125","","",""
"1810254","0.21875","0.21875","0.21875","","",""
"1820242","0.09375","0.09375","0.09375","","",""
"1820250","0.28125","0.28125","0.28125","","",""
"1820256","0.1875","0.1875","0.1875","","",""
"1820261","0.125","0.125","0.125","0.46875","0.46875","0.46875"
"1830221","","","","0.5625","0.5625","0.5625"
"1830226","0.1875","0.1875","0.1875","","",""
"1830231","0.15625","0.15625","0.15625","","",""
"1830235","0.3125","0.3125","0.3125","","",""
"1830241","0.0625","0.0625","0.0625","","",""
"1840221","0.25","0.25","0.25","","",""
"1840224","0.28125","0.28125","0.28125","","",""
"1840226","0.171875","0.15625","0.1875","","",""
"1840245","","","","0.625","0.625","0.625"
"1850223","0.15625","0.15625","0.15625","","",""
"1850224","0.40625","0.40625","0.40625","","",""
"1850237","0.0625","0.0625","0.0625","","",""
"1850254","","","","0.5","0.5","0.5"
"1850263","0.1875","0.1875","0.1875","","",""
"1860223","0.53125","0.53125","0.53125","","",""
"1860230","0.03125","0.03125","0.03125","","",""
"1860244","0.0625","0.0625","0.0625","","",""
"1860269","0.125","0.125","0.125","","",""
"1860274","","","","0.71875","0.71875","0.71875"
"1870220","","","","0.34375","0.34375","0.34375"
"1870225","0.09375","0.09375","0.09375","","",""
"1870228","0.1875","0.1875","0.1875","","",""
"1870239","0.125","0.125","0.125","","",""
"1870248","0.25","0.25","0.25","","",""
"1880226","0.03125","0.03125","0.03125","","",""
"1880230","","","","0.21875","0.21875","0.21875"
"1880231","0.171875","0.15625","0.1875","","",""
"1880260","0.4375","0.4375","0.4375","","",""
"1890234","0.15625","0.15625","0.15625","","",""
"1890243","0.5625","0.5625","0.5625","","",""
"1890246","","","","0.46875","0.46875","0.46875"
"1890247","0.0625","0.0625","0.0625","","",""
"1890254","0.125","0.125","0.125","","",""
"1900229","0.15625","0.15625","0.15625","","",""
"1900235","0.15625","0.15625","0.15625","","",""
"1900239","0.09375","0.09375","0.09375","","",""
"1900249","","","","0.5","0.5","0.5"
"1900258","0.15625","0.15625","0.15625","","",""
"1910221","","","","0.34375","0.34375","0.34375"
"1910226","0.46875","0.46875","0.46875","","",""
"1910254","0.15625","0.15625","0.15625","","",""
"1910255","0.09375","0.09375","0.09375","","",""
"1910257","0.1875","0.1875","0.1875","","",""
"1920220","0.09375","0.09375","0.09375","","",""
"1920241","0.125","0.125","0.125","","",""
"1920245","0.5625","0.5625","0.5625","","",""
"1920249","0.0625","0.0625","0.0625","","",""
"1920256","","","","0.53125","0.53125","0.53125"
"1930241","0.25","0.25","0.25","","",""
"1930250","0.46875","0.46875","0.46875","","",""
"1930252","0.15625","0.15625","0.15625","","",""
"1930254","0.09375","0.09375","0.09375","","",""
"1930265","","","","0.4375","0.4375","0.4375"
"1940222","0.125","0.125","0.125","","",""
"1940232","0.28125","0.28125","0.28125","","",""
"1940243","","","","0.46875","0.46875","0.46875"
"1940250","0.40625","0.40625","0.40625","","",""
"1940266","0.09375","0.09375","0.09375","","",""
"1950237","0.28125","0.28125","0.28125","","",""
"1950242","0.34375","0.34375","0.34375","","",""
"1950245","0.1875","0.1875","0.1875","","",""
"1950252","","","","0.53125","0.53125","0.53125"
"1950258","0.40625","0.40625","0.40625","","",""
"1960245","0.1875","0.1875","0.1875","","",""
"1960246","0.15625","0.15625","0.15625","","",""
"1960254","0.40625","0.40625","0.40625","","",""
"1960255","","","","0.625","0.625","0.625"
"1960260","0.15625","0.15625","0.15625","","",""
"1970222","0.21875","0.21875","0.21875","","",""
"1970224","","","","0.59375","0.59375","0.59375"
"1970228","0.40625","0.40625","0.40625","","",""
"1970251","0.21875","0.21875","0.21875","","",""
"1970254","0.21875","0.21875","0.21875","","",""
"1980222","0.25","0.25","0.25","","",""
"1980234","0.25","0.25","0.25","","",""
"1980247","","","","0.5","0.5","0.5"
"1980252","0.3125","0.3125","0.3125","","",""
"1980257","0.40625","0.40625","0.40625","","",""
"1990225","0.40625","0.40625","0.40625","","",""
"1990233","0.09375","0.09375","0.09375","","",""
"1990234","0.1875","0.1875","0.1875","","",""
"1990238","0.3125","0.3125","0.3125","","",""
"1990246","","","","0.53125","0.53125","0.53125"
"2000243","0.4375","0.4375","0.4375","","",""
"2000244","0.28125","0.28125","0.28125","","",""
"2000248","","","","0.59375","0.59375","0.59375"
"2000253","0.25","0.25","0.25","","",""
"2000254","0.28125","0.28125","0.28125","","",""
"2010220","0.125","0.125","0.125","","",""
"2010224","0.4375","0.4375","0.4375","","",""
"2010232","0.1875","0.1875","0.1875","","",""
"2010243","","","","0.53125","0.53125","0.53125"
"2010246","0.21875","0.21875","0.21875","","",""
"2020220","0.3125","0.3125","0.3125","","",""
"2020222","0.3125","0.3125","0.3125","","",""
"2020234","","","","0.3125","0.3125","0.3125"
"2020235","0.15625","0.15625","0.15625","","",""
"2020240","0.21875","0.21875","0.21875","","",""
"2030224","0.3125","0.3125","0.3125","","",""
"2030227","0.15625","0.15625","0.15625","","",""
"2030228","","","","0.53125","0.53125","0.53125"
"2030241","0.40625","0.40625","0.40625","","",""
"2030250","0.25","0.25","0.25","","",""
"2040227","0.3125","0.3125","0.3125","","",""
"2040229","","","","0.6875","0.6875","0.6875"
"2040238","0.125","0.125","0.125","","",""
"2040243","0.15625","0.15625","0.15625","","",""
"2040275","0.25","0.25","0.25","","",""
"2050230","0.15625","0.15625","0.15625","","",""
"2050231","","","","0.46875","0.46875","0.46875"
"2050232","0.21875","0.21875","0.21875","","",""
"2050242","0.375","0.375","0.375","","",""
"2050260","0.21875","0.21875","0.21875","","",""
"2060230","0.453125","0.1875","0.71875","","",""
"2060231","0.21875","0.21875","0.21875","","",""
"2060243","0.21875","0.21875","0.21875","","",""
"2060255","","","","0.625","0.625","0.625"
"2070228","0.21875","0.21875","0.21875","","",""
"2070230","0.09375","0.09375","0.09375","","",""
"2070248","","","","0.4375","0.4375","0.4375"
"2070250","0.125","0.125","0.125","","",""
"2070261","0.15625","0.15625","0.15625","","",""
"2080220","0.28125","0.28125","0.28125","","",""
"2080231","0.125","0.125","0.125","","",""
"2080238","0.4375","0.4375","0.4375","","",""
"2080249","","","","0.46875","0.46875","0.46875"
"2080255","0.3125","0.3125","0.3125","","",""
"2090228","0.125","0.125","0.125","","",""
"2090231","0.15625","0.15625","0.15625","","",""
"2090240","0.125","0.125","0.125","","",""
"2090241","0.25","0.25","0.25","","",""
"2090261","","","","0.375","0.375","0.375"
"2100221","0.34375","0.34375","0.34375","","",""
"2100225","0.28125","0.28125","0.28125","","",""
"2100230","","","","0.40625","0.40625","0.40625"
"2100240","0.21875","0.21875","0.21875","","",""
"2100248","0.25","0.25","0.25","","",""
"2110221","","","","0.53125","0.53125","0.53125"
"2110222","0.125","0.125","0.125","","",""
"2110229","0.46875","0.46875","0.46875","","",""
"2110244","0.375","0.375","0.375","","",""
"2110250","0.0625","0.0625","0.0625","","",""
"2120231","0.140625","0.125","0.15625","","",""
"2120247","0.34375","0.34375","0.34375","","",""
"2120253","","","","0.53125","0.53125","0.53125"
"2120260","0.375","0.375","0.375","","",""
"2130231","","","","0.5","0.5","0.5"
"2130233","0.25","0.21875","0.28125","","",""
"2130245","0.3125","0.3125","0.3125","","",""
"2130247","0.1875","0.1875","0.1875","","",""
"2140222","0.21875","0.21875","0.21875","","",""
"2140225","0.1875","0.1875","0.1875","","",""
"2140238","0.1875","0.1875","0.1875","","",""
"2140249","0.1875","0.1875","0.1875","","",""
"2140258","","","","0.53125","0.53125","0.53125"
"2150223","0.25","0.25","0.25","","",""
"2150229","0.15625","0.15625","0.15625","","",""
"2150235","0.25","0.25","0.25","","",""
"2150241","","","","0.3125","0.3125","0.3125"
"2150252","0.53125","0.53125","0.53125","","",""
"2160220","0.15625","0.15625","0.15625","","",""
"2160228","0.53125","0.53125","0.53125","","",""
"2160234","0.3125","0.3125","0.3125","","",""
"2160242","0.46875","0.46875","0.46875","","",""
"2160251","","","","0.59375","0.59375","0.59375"
"2170227","","","","0.34375","0.34375","0.34375"
"2170233","0.25","0.25","0.25","","",""
"2170238","0.375","0.375","0.375","","",""
"2170248","0.3125","0.3125","0.3125","","",""
"2170259","0.4375","0.4375","0.4375","","",""
"2180221","","","","0.5625","0.5625","0.5625"
"2180222","0.3125","0.3125","0.3125","","",""
"2180223","0.15625","0.15625","0.15625","","",""
"2180229","0.21875","0.21875","0.21875","","",""
"2180237","0.53125","0.53125","0.53125","","",""
"2190223","0.15625","0.15625","0.15625","","",""
"2190236","0.21875","0.21875","0.21875","","",""
"2190242","","","","0.5","0.5","0.5"
"2190243","0.21875","0.21875","0.21875","","",""
"2190248","0.5625","0.5625","0.5625","","",""
"2200227","0.5","0.5","0.5","","",""
"2200246","0.125","0.125","0.125","","",""
"2200247","0.1875","0.1875","0.1875","","",""
"2200251","","","","0.46875","0.46875","0.46875"
"2200260","0.40625","0.40625","0.40625","","",""
"2210230","","","","0.4375","0.4375","0.4375"
"2210236","0.25","0.25","0.25","","",""
"2210246","0.1875","0.1875","0.1875","","",""
"2210259","0.125","0.125","0.125","","",""
"2210264","0.59375","0.59375","0.59375","","",""
"2220220","0.0625","0.0625","0.0625","","",""
"2220226","","","","0.625","0.625","0.625"
"2220250","0.1875","0.1875","0.1875","","",""
"2220255","0.375","0.375","0.375","","",""
"2220257","0.65625","0.65625","0.65625","","",""
"2230232","0.125","0.125","0.125","","",""
"2230238","","","","0.5","0.5","0.5"
"2230241","0.5625","0.5625","0.5625","","",""
"2230250","0.25","0.25","0.25","","",""
"2230258","0.25","0.25","0.25","","",""
"2240230","0.21875","0.21875","0.21875","","",""
"2240243","0.4375","0.4375","0.4375","","",""
"2240250","0.28125","0.28125","0.28125","","",""
"2240251","","","","0.65625","0.65625","0.65625"
"2240253","0.28125","0.28125","0.28125","","",""
"2250228","0.21875","0.21875","0.21875","","",""
"2250243","0.59375","0.59375","0.59375","","",""
"2250256","0.15625","0.15625","0.15625","","",""
"2250261","","","","0.5625","0.5625","0.5625"
"2250263","0.28125","0.28125","0.28125","","",""
"2260227","0.28125","0.28125","0.28125","","",""
"2260244","0.1875","0.1875","0.1875","","",""
"2260247","","","","0.46875","0.46875","0.46875"
"2260249","0.15625","0.15625","0.15625","","",""
"2260255","0.25","0.25","0.25","","",""
"2270234","0.25","0.25","0.25","","",""
"2270245","0.21875","0.1875","0.25","","",""
"2270251","0.46875","0.46875","0.46875","","",""
"2270261","","","","0.375","0.375","0.375"
"2280222","0.3125","0.3125","0.3125","","",""
"2280231","","","","0.46875","0.46875","0.46875"
"2280232","0.3125","0.3125","0.3125","","",""
"2280233","0.21875","0.21875","0.21875","","",""
"2280244","0.53125","0.53125","0.53125","","",""
"2290228","0.28125","0.28125","0.28125","","",""
"2290233","0.5","0.5","0.5","","",""
"2290258","","","","0.625","0.625","0.625"
"2290262","0.125","0.125","0.125","","",""
"2290269","0.375","0.375","0.375","","",""
"2300223","0.25","0.25","0.25","","",""
"2300226","0.3125","0.3125","0.3125","","",""
"2300248","","","","0.59375","0.59375","0.59375"
"2300254","0.46875","0.46875","0.46875","","",""
"2300261","0.28125","0.28125","0.28125","","",""
"2310237","0.15625","0.15625","0.15625","","",""
"2310239","","","","0.5625","0.5625","0.5625"
"2310248","0.28125","0.28125","0.28125","","",""
"2310252","0.4375","0.4375","0.4375","","",""
"2310262","0.3125","0.3125","0.3125","","",""
"2320221","0.15625","0.15625","0.15625","","",""
"2320224","0.25","0.25","0.25","","",""
"2320230","","","","0.34375","0.34375","0.34375"
"2320252","0.375","0.375","0.375","","",""
"2320259","0.3125","0.3125","0.3125","","",""
"2330221","0.09375","0.09375","0.09375","","",""
"2330229","0.375","0.375","0.375","","",""
"2330231","0.34375","0.34375","0.34375","","",""
"2330234","0.21875","0.21875","0.21875","","",""
"2330238","","","","0.4375","0.4375","0.4375"
"2340235","0.28125","0.28125","0.28125","","",""
"2340236","0.34375","0.34375","0.34375","","",""
"2340245","0.375","0.375","0.375","","",""
"2340260","0.15625","0.15625","0.15625","","",""
"2340264","","","","0.75","0.75","0.75"
"2350220","0.34375","0.34375","0.34375","","",""
"2350233","0.34375","0.34375","0.34375","","",""
"2350234","0.34375","0.34375","0.34375","","",""
"2350247","0.1875","0.1875","0.1875","","",""
"2350254","","","","0.25","0.25","0.25"
"2360221","0.25","0.25","0.25","","",""
"2360232","0.3125","0.3125","0.3125","","",""
"2360241","0.40625","0.40625","0.40625","","",""
"2360248","","","","0.4375","0.4375","0.4375"
"2360256","0.21875","0.21875","0.21875","","",""
"2370222","0.3125","0.3125","0.3125","","",""
"2370230","0.125","0.125","0.125","","",""
"2370241","0.375","0.375","0.375","","",""
"2370257","0.5","0.5","0.5","","",""
"2370258","","","","0.46875","0.46875","0.46875"
"2380225","","","","0.25","0.25","0.25"
"2380232","0.28125","0.28125","0.28125","","",""
"2380244","0.28125","0.28125","0.28125","","",""
"2380245","0.40625","0.40625","0.40625","","",""
"2380260","0.4375","0.4375","0.4375","","",""
"2390236","0.375","0.375","0.375","0.53125","0.53125","0.53125"
"2390252","0.34375","0.34375","0.34375","","",""
"2390256","0.625","0.625","0.625","","",""
"2390262","0.21875","0.21875","0.21875","","",""
"2400233","","","","0.34375","0.34375","0.34375"
"2400237","0.65625","0.65625","0.65625","","",""
"2400239","0.375","0.375","0.375","","",""
"2400244","0.375","0.375","0.375","","",""
"2400262","0.21875","0.21875","0.21875","","",""
"2410221","0.40625","0.40625","0.40625","","",""
"2410240","","","","0.5","0.5","0.5"
"2410247","0.375","0.375","0.375","","",""
"2410252","0.28125","0.28125","0.28125","","",""
"2410264","0.25","0.25","0.25","","",""
"2420236","","","","0.40625","0.40625","0.40625"
"2420246","0.1875","0.1875","0.1875","","",""
"2420253","0.25","0.25","0.25","","",""
"2420258","0.375","0.375","0.375","","",""
"2420259","0.40625","0.40625","0.40625","","",""
"2430220","0.65625","0.65625","0.65625","","",""
"2430232","","","","0.40625","0.40625","0.40625"
"2430233","0.1875","0.1875","0.1875","","",""
"2430241","0.34375","0.34375","0.34375","","",""
"2430245","0.3125","0.3125","0.3125","","",""
"2440225","0.25","0.25","0.25","","",""
"2440226","","","","0.5","0.5","0.5"
"2440239","0.40625","0.40625","0.40625","","",""
"2440257","0.3125","0.3125","0.3125","","",""
"2440265","0.40625","0.40625","0.40625","","",""
"2450225","0.375","0.375","0.375","","",""
"2450238","0.28125","0.28125","0.28125","","",""
"2450241","0.21875","0.21875","0.21875","","",""
"2450249","","","","0.5625","0.5625","0.5625"
"2450251","0.34375","0.34375","0.34375","","",""
"2460241","","","","0.53125","0.53125","0.53125"
"2460246","0.09375","0.09375","0.09375","","",""
"2460247","0.4375","0.4375","0.4375","","",""
"2460254","0.375","0.375","0.375","","",""
"2460257","0.34375","0.34375","0.34375","","",""
"2470231","0.28125","0.28125","0.28125","","",""
"2470232","","","","0.625","0.625","0.625"
"2470234","0.15625","0.15625","0.15625","","",""
"2470238","0.28125","0.28125","0.28125","","",""
"2470256","0.40625","0.40625","0.40625","","",""
"2480220","0.34375","0.34375","0.34375","","",""
"2480224","0.21875","0.21875","0.21875","","",""
"2480235","0.21875","0.21875","0.21875","","",""
"2480255","","","","0.53125","0.53125","0.53125"
"2480261","0.4375","0.4375","0.4375","","",""
"2490222","0.40625","0.40625","0.40625","","",""
"2490230","0.46875","0.46875","0.46875","","",""
"2490234","0.28125","0.28125","0.28125","","",""
"2490237","","","","0.46875","0.46875","0.46875"
"2490245","0.3125","0.3125","0.3125","","",""
"2500246","0.21875","0.21875","0.21875","","",""
"2500249","0.09375","0.09375","0.09375","","",""
"2500253","","","","0.5625","0.5625","0.5625"
"2500256","0.375","0.375","0.375","","",""
"2500258","0.53125","0.53125","0.53125","","",""
"2510237","0.28125","0.28125","0.28125","","",""
"2510248","","","","0.625","0.625","0.625"
"2510249","0.28125","0.28125","0.28125","","",""
"2510257","0.25","0.25","0.25","","",""
"2510270","0.34375","0.34375","0.34375","","",""
"2520237","0.28125","0.28125","0.28125","","",""
"2520243","0.28125","0.28125","0.28125","","",""
"2520246","","","","0.375","0.375","0.375"
"2520249","0.375","0.375","0.375","","",""
"2520260","0.125","0.125","0.125","","",""
"2530220","0.21875","0.21875","0.21875","","",""
"2530222","0.28125","0.28125","0.28125","","",""
"2530228","","","","0.34375","0.34375","0.34375"
"2530245","0.15625","0.15625","0.15625","","",""
"2530258","0.40625","0.40625","0.40625","","",""
"2540223","0.3125","0.3125","0.3125","","",""
"2540229","0.40625","0.40625","0.40625","","",""
"2540238","0.25","0.25","0.25","","",""
"2540248","","","","0.53125","0.53125","0.53125"
"2540263","0.15625","0.15625","0.15625","","",""
"2550222","0.1875","0.1875","0.1875","","",""
"2550224","0.5","0.5","0.5","","",""
"2550226","","","","0.34375","0.34375","0.34375"
"2550239","0.28125","0.28125","0.28125","","",""
"2550251","0.125","0.125","0.125","","",""
"2560224","0.5625","0.5625","0.5625","","",""
"2560230","0.25","0.25","0.25","","",""
"2560244","","","","0.46875","0.46875","0.46875"
"2560245","0.1875","0.1875","0.1875","","",""
"2560258","0.21875","0.21875","0.21875","","",""
"2570226","","","","0.4375","0.4375","0.4375"
"2570227","0.28125","0.28125","0.28125","","",""
"2570231","0.5","0.5","0.5","","",""
"2570235","0.25","0.25","0.25","","",""
"2570263","0.21875","0.21875","0.21875","","",""
"2580234","0.28125","0.28125","0.28125","","",""
"2580245","0.375","0.375","0.375","0.625","0.625","0.625"
"2580247","0.15625","0.15625","0.15625","","",""
"2580264","0.375","0.375","0.375","","",""
"2590242","0.09375","0.09375","0.09375","","",""
"2590244","0.625","0.625","0.625","","",""
"2590247","0.28125","0.28125","0.28125","","",""
"2590257","0.34375","0.34375","0.34375","","",""
"2590268","","","","0.59375","0.59375","0.59375"
"2600222","0.21875","0.21875","0.21875","","",""
"2600230","0.40625","0.40625","0.40625","","",""
"2600232","","","","0.46875","0.46875","0.46875"
"2600235","0.4375","0.4375","0.4375","","",""
"2600239","0.21875","0.21875","0.21875","","",""
"2610220","0.40625","0.40625","0.40625","","",""
"2610221","0.46875","0.46875","0.46875","","",""
"2610228","","","","0.4375","0.4375","0.4375"
"2610233","0.4375","0.4375","0.4375","","",""
"2610243","0.375","0.375","0.375","","",""
"2620221","0.4375","0.4375","0.4375","","",""
"2620232","","","","0.28125","0.28125","0.28125"
"2620233","0.1875","0.1875","0.1875","","",""
"2620234","0.40625","0.40625","0.40625","","",""
"2620239","0.21875","0.21875","0.21875","","",""
"2630224","0.28125","0.28125","0.28125","","",""
"2630231","0.375","0.375","0.375","","",""
"2630232","0.25","0.25","0.25","","",""
"2630234","0.28125","0.28125","0.28125","","",""
"2630243","","","","0.46875","0.46875","0.46875"
"2640221","0.09375","0.09375","0.09375","","",""
"2640231","0.21875","0.21875","0.21875","","",""
"2640235","0.40625","0.40625","0.40625","","",""
"2640249","0.3125","0.3125","0.3125","","",""
"2640257","","","","0.4375","0.4375","0.4375"
"2650220","0.4375","0.4375","0.4375","","",""
"2650232","0.21875","0.21875","0.21875","","",""
"2650243","0.09375","0.09375","0.09375","0.4375","0.4375","0.4375"
"2650249","0.21875","0.21875","0.21875","","",""
"2660231","","","","0.71875","0.71875","0.71875"
"2660242","0.40625","0.40625","0.40625","","",""
"2660252","0.1875","0.1875","0.1875","","",""
"2660261","0.375","0.375","0.375","","",""
"2660264","0.21875","0.21875","0.21875","","",""
"2670234","","","","0.4375","0.4375","0.4375"
"2670252","0.375","0.375","0.375","","",""
"2670253","0.40625","0.40625","0.40625","","",""
"2670254","0.46875","0.46875","0.46875","","",""
"2670274","0.21875","0.21875","0.21875","","",""
"2680221","","","","0.71875","0.71875","0.71875"
"2680226","0.28125","0.28125","0.28125","","",""
"2680243","0.53125","0.53125","0.53125","","",""
"2680250","0.1875","0.1875","0.1875","","",""
"2680259","0.28125","0.28125","0.28125","","",""
"2690221","0.25","0.25","0.25","","",""
"2690228","","","","0.5625","0.5625","0.5625"
"2690234","0.21875","0.21875","0.21875","","",""
"2690245","0.3125","0.3125","0.3125","","",""
"2690257","0.5","0.5","0.5","","",""
"2700223","0.28125","0.28125","0.28125","","",""
"2700225","0.4375","0.4375","0.4375","0.5","0.5","0.5"
"2700228","0.34375","0.34375","0.34375","","",""
"2700239","0.40625","0.40625","0.40625","","",""
"2710220","0.4375","0.4375","0.4375","","",""
"2710223","0.375","0.375","0.375","","",""
"2710229","","","","0.1875","0.1875","0.1875"
"2710242","0.46875","0.46875","0.46875","","",""
"2710249","0.28125","0.28125","0.28125","","",""
"2720222","0.15625","0.15625","0.15625","","",""
"2720233","0.46875","0.46875","0.46875","","",""
"2720241","","","","0.40625","0.40625","0.40625"
"2720247","0.34375","0.34375","0.34375","","",""
"2720263","0.125","0.125","0.125","","",""
"2730223","0.1875","0.1875","0.1875","","",""
"2730226","","","","0.625","0.625","0.625"
"2730233","0.28125","0.28125","0.28125","","",""
"2730244","0.5","0.5","0.5","","",""
"2730265","0.21875","0.21875","0.21875","","",""
"2740222","0.40625","0.40625","0.40625","","",""
"2740231","0.375","0.375","0.375","","",""
"2740234","","","","0.59375","0.59375","0.59375"
"2740240","0.25","0.25","0.25","","",""
"2740259","0.21875","0.21875","0.21875","","",""
"2750226","0.40625","0.40625","0.40625","0.375","0.375","0.375"
"2750240","0.5625","0.5625","0.5625","","",""
"2750242","0.34375","0.34375","0.34375","","",""
"2750260","0.34375","0.34375","0.34375","","",""
"2760220","0.34375","0.34375","0.34375","","",""
"2760242","0.28125","0.28125","0.28125","","",""
"2760244","0.28125","0.28125","0.28125","","",""
"2760245","0.40625","0.40625","0.40625","","",""
"2760254","","","","0.25","0.25","0.25"
"2770246","0.34375","0.34375","0.34375","","",""
"2770247","0.3125","0.3125","0.3125","","",""
"2770252","","","","0.375","0.375","0.375"
"2770264","0.265625","0.25","0.28125","","",""
"2780224","0.28125","0.28125","0.28125","","",""
"2780231","0.59375","0.59375","0.59375","","",""
"2780238","0.34375","0.34375","0.34375","","",""
"2780250","","","","0.53125","0.53125","0.53125"
"2780255","0.1875","0.1875","0.1875","","",""
"2790222","0.34375","0.34375","0.34375","","",""
"2790240","0.46875","0.46875","0.46875","","",""
"2790243","0.3125","0.3125","0.3125","","",""
"2790249","0.3125","0.3125","0.3125","","",""
"2790260","","","","0.34375","0.34375","0.34375"
"2800222","0.46875","0.46875","0.46875","","",""
"2800227","0.3125","0.3125","0.3125","","",""
"2800232","0.5","0.5","0.5","","",""
"2800245","0.28125","0.28125","0.28125","","",""
"2800251","","","","0.5","0.5","0.5"
"2810221","0.28125","0.28125","0.28125","","",""
"2810239","0.375","0.375","0.375","","",""
"2810248","0.5","0.5","0.5","","",""
"2810252","0.375","0.375","0.375","0.53125","0.53125","0.53125"
"2820226","0.28125","0.28125","0.28125","","",""
"2820229","0.28125","0.28125","0.28125","","",""
"2820230","","","","0.28125","0.28125","0.28125"
"2820247","0.21875","0.21875","0.21875","","",""
"2820254","0.375","0.375","0.375","","",""
"2830227","0.5","0.5","0.5","","",""
"2830234","0.375","0.375","0.375","","",""
"2830242","","","","0.375","0.375","0.375"
"2830248","0.34375","0.34375","0.34375","","",""
"2830253","0.09375","0.09375","0.09375","","",""
"2840226","","","","0.34375","0.34375","0.34375"
"2840229","0.375","0.375","0.375","","",""
"2840233","0.3125","0.3125","0.3125","","",""
"2840235","0.46875","0.46875","0.46875","","",""
"2840248","0.375","0.375","0.375","","",""
"2850224","0.1875","0.1875","0.1875","","",""
"2850237","0.375","0.375","0.375","","",""
"2850239","","","","0.46875","0.46875","0.46875"
"2850258","0.28125","0.28125","0.28125","","",""
"2850263","0.25","0.25","0.25","","",""
"2860235","","","","0.375","0.375","0.375"
"2860237","0.375","0.375","0.375","","",""
"2860246","0.34375","0.34375","0.34375","","",""
"2860248","0.3125","0.3125","0.3125","","",""
"2860266","0.25","0.25","0.25","","",""
"2870221","0.125","0.125","0.125","","",""
"2870239","0.4375","0.4375","0.4375","","",""
"2870243","0.4375","0.4375","0.4375","","",""
"2870262","","","","0.375","0.375","0.375"
"2870268","0.34375","0.34375","0.34375","","",""
"2880243","0.328125","0.25","0.40625","","",""
"2880248","","","","0.4375","0.4375","0.4375"
"2880249","0.3125","0.3125","0.3125","","",""
"2880256","0.34375","0.34375","0.34375","","",""
"2890233","0.21875","0.21875","0.21875","","",""
"2890243","0.375","0.375","0.375","","",""
"2890245","0.25","0.25","0.25","","",""
"2890247","0.53125","0.53125","0.53125","","",""
"2890260","","","","0.28125","0.28125","0.28125"
"2900231","0.375","0.375","0.375","","",""
"2900235","0.28125","0.28125","0.28125","","",""
"2900237","0.3125","0.3125","0.3125","","",""
"2900244","0.59375","0.59375","0.59375","","",""
"2900245","","","","0.5","0.5","0.5"
"2910223","0.28125","0.28125","0.28125","","",""
"2910228","0.3125","0.3125","0.3125","","",""
"2910237","0.3125","0.3125","0.3125","","",""
"2910243","0.5625","0.5625","0.5625","","",""
"2910250","","","","0.40625","0.40625","0.40625"
"2920220","0.5","0.5","0.5","","",""
"2920221","","","","0.34375","0.34375","0.34375"
"2920229","0.46875","0.46875","0.46875","","",""
"2920232","0.4375","0.4375","0.4375","","",""
"2920246","0.125","0.125","0.125","","",""
"2930238","0.6875","0.6875","0.6875","","",""
"2930239","","","","0.46875","0.46875","0.46875"
"2930249","0.28125","0.28125","0.28125","","",""
"2930261","0.1875","0.1875","0.1875","","",""
"2930263","0.40625","0.40625","0.40625","","",""
"2940232","","","","0.8125","0.8125","0.8125"
"2940241","0.25","0.25","0.25","","",""
"2940251","0.34375","0.21875","0.46875","","",""
"2940263","0.3125","0.3125","0.3125","","",""
"2950232","0.3125","0.3125","0.3125","","",""
"2950238","0.3125","0.3125","0.3125","","",""
"2950244","0.1875","0.1875","0.1875","","",""
"2950254","","","","0.5","0.5","0.5"
"2950255","0.5","0.5","0.5","","",""
"2960227","0.25","0.25","0.25","","",""
"2960231","0.28125","0.28125","0.28125","","",""
"2960243","0.46875","0.46875","0.46875","","",""
"2960247","","","","0.40625","0.40625","0.40625"
"2960257","0.65625","0.65625","0.65625","","",""
"2970230","0.34375","0.34375","0.34375","","",""
"2970231","0.375","0.375","0.375","","",""
"2970244","0.375","0.375","0.375","","",""
"2970248","0.375","0.375","0.375","","",""
"2970258","","","","0.65625","0.65625","0.65625"
"2980226","0.34375","0.34375","0.34375","","",""
"2980234","0.40625","0.40625","0.40625","","",""
"2980242","","","","0.375","0.375","0.375"
"2980248","0.46875","0.46875","0.46875","","",""
"2980260","0.28125","0.28125","0.28125","","",""
"2990225","0.375","0.375","0.375","","",""
"2990229","0.34375","0.34375","0.34375","","",""
"2990230","0.34375","0.34375","0.34375","","",""
"2990238","","","","0.59375","0.59375","0.59375"
"2990249","0.5","0.5","0.5","","",""
"3000223","0.46875","0.46875","0.46875","","",""
"3000224","0.15625","0.15625","0.15625","","",""
"3000241","","","","0.5","0.5","0.5"
"3000253","0.4375","0.4375","0.4375","","",""
"3000267","0.21875","0.21875","0.21875","","",""